USE rarvk;

-- MariaDB dump 10.19  Distrib 10.5.12-MariaDB, for Linux (x86_64)
--
-- Host: mysql.hostinger.ro    Database: u574849695_19
-- ------------------------------------------------------
-- Server version	10.5.12-MariaDB-cll-lve

/*!40101 SET @OLD_CHARACTER_SET_CLIENT=@@CHARACTER_SET_CLIENT */;
/*!40101 SET @OLD_CHARACTER_SET_RESULTS=@@CHARACTER_SET_RESULTS */;
/*!40101 SET @OLD_COLLATION_CONNECTION=@@COLLATION_CONNECTION */;
/*!40101 SET NAMES utf8mb4 */;
/*!40103 SET @OLD_TIME_ZONE=@@TIME_ZONE */;
/*!40103 SET TIME_ZONE='+00:00' */;
/*!40014 SET @OLD_UNIQUE_CHECKS=@@UNIQUE_CHECKS, UNIQUE_CHECKS=0 */;
/*!40014 SET @OLD_FOREIGN_KEY_CHECKS=@@FOREIGN_KEY_CHECKS, FOREIGN_KEY_CHECKS=0 */;
/*!40101 SET @OLD_SQL_MODE=@@SQL_MODE, SQL_MODE='NO_AUTO_VALUE_ON_ZERO' */;
/*!40111 SET @OLD_SQL_NOTES=@@SQL_NOTES, SQL_NOTES=0 */;

--
-- Table structure for table `communities`
--

DROP TABLE IF EXISTS `communities`;
/*!40101 SET @saved_cs_client     = @@character_set_client */;
/*!40101 SET character_set_client = utf8 */;
CREATE TABLE `communities` (
  `id` bigint(20) unsigned NOT NULL AUTO_INCREMENT,
  `name` varchar(255) COLLATE utf8mb4_unicode_ci DEFAULT NULL,
  `admin_user_id` bigint(20) unsigned NOT NULL,
  UNIQUE KEY `id` (`id`),
  KEY `name` (`name`),
  KEY `admin_user_id` (`admin_user_id`),
  CONSTRAINT `communities_ibfk_1` FOREIGN KEY (`admin_user_id`) REFERENCES `users` (`id`)
) ENGINE=InnoDB AUTO_INCREMENT=101 DEFAULT CHARSET=utf8mb4 COLLATE=utf8mb4_unicode_ci;
/*!40101 SET character_set_client = @saved_cs_client */;

--
-- Dumping data for table `communities`
--

LOCK TABLES `communities` WRITE;
/*!40000 ALTER TABLE `communities` DISABLE KEYS */;
INSERT INTO `communities` VALUES (1,'voluptate',1),(2,'animi',2),(3,'vero',3),(4,'non',4),(5,'aut',5),(6,'veniam',6),(7,'commodi',7),(8,'non',8),(9,'nesciunt',9),(10,'ut',10),(11,'eligendi',11),(12,'numquam',12),(13,'nam',13),(14,'cum',14),(15,'ut',15),(16,'accusamus',16),(17,'modi',17),(18,'laudantium',18),(19,'ducimus',19),(20,'illo',20),(21,'reprehenderit',21),(22,'laboriosam',22),(23,'pariatur',23),(24,'sunt',24),(25,'possimus',25),(26,'omnis',26),(27,'possimus',27),(28,'consequatur',28),(29,'veniam',29),(30,'optio',30),(31,'eveniet',31),(32,'fugiat',32),(33,'reiciendis',33),(34,'laudantium',34),(35,'est',35),(36,'quia',36),(37,'repellendus',37),(38,'sed',38),(39,'tempore',39),(40,'quaerat',40),(41,'voluptas',41),(42,'a',42),(43,'laudantium',43),(44,'beatae',44),(45,'recusandae',45),(46,'enim',46),(47,'autem',47),(48,'voluptates',48),(49,'consequatur',49),(50,'saepe',50),(51,'sit',51),(52,'inventore',52),(53,'aliquam',53),(54,'quo',54),(55,'expedita',55),(56,'voluptatem',56),(57,'dignissimos',57),(58,'magnam',58),(59,'enim',59),(60,'ut',60),(61,'sit',61),(62,'sunt',62),(63,'quo',63),(64,'omnis',64),(65,'ex',65),(66,'tenetur',66),(67,'quia',67),(68,'ab',68),(69,'non',69),(70,'quaerat',70),(71,'perspiciatis',71),(72,'quia',72),(73,'aut',73),(74,'minima',74),(75,'sit',75),(76,'non',76),(77,'qui',77),(78,'reiciendis',78),(79,'officia',79),(80,'quod',80),(81,'soluta',81),(82,'explicabo',82),(83,'veniam',83),(84,'et',84),(85,'est',85),(86,'nisi',86),(87,'sunt',87),(88,'enim',88),(89,'hic',89),(90,'consequatur',90),(91,'illum',91),(92,'laboriosam',92),(93,'sit',93),(94,'voluptatem',94),(95,'deserunt',95),(96,'totam',96),(97,'aspernatur',97),(98,'quibusdam',98),(99,'odit',99),(100,'minus',100);
/*!40000 ALTER TABLE `communities` ENABLE KEYS */;
UNLOCK TABLES;

--
-- Table structure for table `friend_requests`
--

DROP TABLE IF EXISTS `friend_requests`;
/*!40101 SET @saved_cs_client     = @@character_set_client */;
/*!40101 SET character_set_client = utf8 */;
CREATE TABLE `friend_requests` (
  `initial_user_id` bigint(20) unsigned NOT NULL,
  `target_user_id` bigint(20) unsigned NOT NULL,
  `status` enum('requested','approved','declined','unfriended') COLLATE utf8mb4_unicode_ci DEFAULT NULL,
  `created_at` datetime DEFAULT current_timestamp(),
  `updated_at` datetime DEFAULT NULL ON UPDATE current_timestamp(),
  PRIMARY KEY (`initial_user_id`,`target_user_id`),
  KEY `target_user_id` (`target_user_id`),
  CONSTRAINT `friend_requests_ibfk_1` FOREIGN KEY (`initial_user_id`) REFERENCES `users` (`id`),
  CONSTRAINT `friend_requests_ibfk_2` FOREIGN KEY (`target_user_id`) REFERENCES `users` (`id`),
  CONSTRAINT `CONSTRAINT_1` CHECK (`initial_user_id` <> `target_user_id`)
) ENGINE=InnoDB DEFAULT CHARSET=utf8mb4 COLLATE=utf8mb4_unicode_ci;
/*!40101 SET character_set_client = @saved_cs_client */;

--
-- Dumping data for table `friend_requests`
--

LOCK TABLES `friend_requests` WRITE;
/*!40000 ALTER TABLE `friend_requests` DISABLE KEYS */;
INSERT INTO `friend_requests` VALUES (1,86,'approved','1976-02-09 09:22:51','1990-01-16 20:38:31'),(2,25,'unfriended','2010-11-27 03:03:04','2006-03-31 04:48:13'),(3,59,'unfriended','1993-02-01 15:07:19','1992-04-30 16:58:11'),(4,91,'unfriended','2017-04-11 11:35:32','1977-02-10 17:47:37'),(5,28,'unfriended','1990-04-23 16:31:52','1999-11-09 13:21:07'),(6,28,'requested','1975-07-29 04:58:18','1999-02-19 15:53:12'),(7,85,'unfriended','1977-07-20 18:42:22','2009-12-21 16:40:53'),(8,43,'approved','2022-12-03 23:35:48','2001-12-10 17:43:24'),(9,59,'requested','2014-06-19 12:56:14','1993-01-01 13:17:55'),(10,18,'declined','1980-11-19 19:50:43','1976-02-27 10:29:07'),(11,27,'requested','1970-02-16 13:47:05','1971-04-28 15:35:56'),(12,95,'unfriended','2018-01-06 00:04:36','2014-08-16 07:29:56'),(13,53,'unfriended','1980-11-06 15:52:10','1970-02-14 11:29:50'),(14,36,'declined','2014-12-22 08:01:14','1993-10-13 10:59:21'),(15,4,'declined','1984-10-06 07:02:55','1997-03-24 16:22:14'),(16,33,'declined','2004-11-09 16:58:07','2018-08-15 02:34:22'),(17,76,'declined','1975-01-07 00:03:07','2004-07-14 02:55:41'),(18,57,'requested','1987-05-20 20:04:20','1973-08-11 14:56:03'),(19,98,'unfriended','2003-02-25 03:11:39','2002-09-16 18:25:17'),(20,91,'declined','1998-01-09 14:25:06','1976-05-24 15:40:00'),(21,40,'approved','1995-10-08 08:43:11','2006-06-21 15:08:55'),(22,31,'requested','1977-11-18 17:49:54','1976-08-20 14:04:09'),(23,91,'approved','1979-12-27 05:40:14','1983-06-29 00:25:22'),(24,73,'approved','1970-10-08 21:04:11','2007-02-20 13:15:23'),(25,94,'approved','2017-05-18 15:26:35','2005-07-24 01:51:34'),(26,19,'requested','1970-12-07 16:07:02','2004-05-19 14:22:09'),(27,86,'declined','2017-10-02 18:48:35','2004-06-21 19:11:04'),(28,52,'declined','1998-11-28 13:59:11','2001-11-13 06:08:41'),(29,76,'requested','1974-01-18 05:08:35','1979-02-22 06:26:18'),(30,73,'declined','2021-12-10 13:19:36','1981-03-27 08:09:54'),(31,48,'approved','2008-09-10 09:25:41','2004-02-13 01:10:02'),(32,23,'declined','2007-11-29 13:30:20','2005-04-06 05:23:24'),(33,75,'declined','2017-04-16 18:35:54','2005-04-09 10:52:44'),(34,54,'declined','2017-08-14 22:16:32','2005-07-20 11:29:12'),(35,66,'requested','2011-12-23 23:13:26','1983-12-04 00:03:33'),(36,33,'approved','1984-04-13 16:42:25','2019-03-12 08:51:45'),(38,39,'declined','1990-03-10 15:46:55','2015-02-04 11:54:41'),(39,96,'approved','1995-11-16 23:49:45','1988-09-29 18:33:03'),(40,13,'declined','2007-07-06 08:03:10','2004-04-07 18:16:24'),(41,82,'unfriended','1990-02-12 00:19:11','2022-10-24 06:05:51'),(42,51,'requested','2010-02-02 20:11:14','2006-01-22 19:47:40'),(43,64,'unfriended','2020-10-29 06:23:07','1974-05-08 11:35:17'),(44,84,'unfriended','2005-07-23 14:13:04','1973-11-21 03:53:36'),(45,60,'declined','2004-05-23 15:38:46','2006-08-29 18:31:13'),(46,95,'approved','2022-08-26 07:45:30','2021-02-03 00:36:16'),(47,44,'approved','1995-02-20 06:04:57','1971-07-26 18:14:07'),(48,88,'requested','1991-09-30 11:25:17','1983-03-16 20:44:19'),(49,5,'approved','1972-06-17 19:08:50','1991-11-24 16:30:59'),(50,9,'approved','2022-07-27 06:59:53','2013-01-27 15:49:31'),(51,75,'approved','1972-05-06 19:23:25','2011-12-20 22:47:26'),(52,10,'unfriended','1980-12-06 09:43:16','1985-10-30 00:53:11'),(53,38,'requested','1975-05-20 17:23:51','1970-08-08 08:13:49'),(54,1,'declined','2015-12-26 09:36:33','1988-08-13 21:45:15'),(55,15,'requested','1987-02-09 21:37:23','1978-11-12 00:53:21'),(56,88,'unfriended','1991-02-27 03:18:26','2001-05-28 06:17:52'),(57,83,'approved','1997-07-23 12:35:44','1991-12-19 08:31:27'),(58,13,'declined','1982-12-12 15:26:57','1983-07-12 18:58:13'),(59,77,'approved','2002-08-06 07:38:28','1993-08-16 18:01:13'),(60,45,'requested','1998-03-01 09:42:19','2005-01-19 04:53:19'),(61,31,'approved','2002-07-17 02:09:27','1974-08-13 23:18:25'),(62,14,'requested','1982-04-10 09:53:52','2011-01-11 01:16:35'),(63,80,'declined','1973-06-29 12:39:42','1989-06-02 06:35:59'),(64,77,'unfriended','1973-02-05 19:24:32','2006-06-28 06:28:09'),(65,56,'declined','1989-09-05 17:09:38','1979-07-13 20:53:19'),(66,57,'declined','2005-02-24 13:13:10','1994-06-26 06:10:02'),(67,42,'declined','1981-10-26 00:57:50','1973-06-13 15:48:49'),(68,65,'approved','2001-09-06 23:54:23','2004-06-03 15:58:10'),(69,90,'approved','1975-03-31 05:05:14','2012-10-06 06:54:26'),(70,98,'approved','1976-05-24 21:11:06','1985-03-04 01:54:27'),(71,89,'requested','1974-01-23 16:38:49','1975-02-04 01:03:02'),(72,91,'unfriended','2023-01-24 21:51:45','1992-08-12 11:23:19'),(73,66,'approved','1976-07-06 12:02:18','2016-02-16 23:05:07'),(74,36,'declined','2011-02-26 06:40:50','1985-03-04 02:11:06'),(75,24,'declined','2009-10-18 06:39:55','1993-01-10 20:43:10'),(76,37,'unfriended','1997-03-15 05:14:21','1975-11-02 11:47:36'),(77,63,'unfriended','2003-03-17 00:56:28','2016-12-22 23:45:19'),(78,96,'requested','1975-08-01 02:33:36','2018-10-26 19:51:41'),(79,38,'approved','1991-06-26 06:27:20','2002-01-10 22:19:13'),(80,83,'unfriended','1975-04-25 14:07:29','1970-09-02 09:49:38'),(81,15,'approved','2006-02-01 05:17:24','2000-09-05 08:50:54'),(82,50,'declined','2009-09-05 16:34:50','2010-01-07 22:14:21'),(83,60,'approved','1979-06-01 14:43:50','1994-05-10 17:17:54'),(84,13,'unfriended','2022-07-19 09:01:32','2009-03-03 04:41:16'),(85,72,'approved','2019-03-02 20:24:28','1973-02-27 06:26:25'),(86,61,'approved','1975-02-12 11:09:46','1980-12-21 01:09:07'),(87,30,'approved','2014-03-29 21:50:15','2000-03-06 10:38:16'),(88,93,'approved','1989-01-05 06:14:40','1995-08-28 06:22:21'),(89,66,'unfriended','1982-08-25 09:33:18','2007-05-02 23:59:55'),(90,54,'unfriended','2018-08-21 20:01:43','1980-07-29 01:21:59'),(91,10,'approved','2008-07-21 09:11:42','1971-07-04 03:25:53'),(92,12,'declined','2000-01-05 14:27:01','1992-07-13 10:19:33'),(93,28,'unfriended','2001-07-07 11:08:45','1985-02-08 06:49:21'),(94,82,'requested','1987-09-03 16:04:48','2014-11-12 12:30:58'),(95,68,'requested','1976-12-25 16:56:05','1995-12-06 12:11:21'),(96,90,'declined','2017-06-21 21:35:39','1977-04-26 21:04:49'),(97,96,'unfriended','2019-08-26 01:12:35','2010-03-26 10:33:10'),(98,84,'declined','2016-12-04 03:57:14','1972-08-21 10:02:12'),(99,56,'approved','2001-03-19 10:45:17','2014-12-29 17:03:04'),(100,87,'unfriended','2001-04-06 15:05:03','1978-09-13 20:04:51');
/*!40000 ALTER TABLE `friend_requests` ENABLE KEYS */;
UNLOCK TABLES;

--
-- Table structure for table `likes`
--

DROP TABLE IF EXISTS `likes`;
/*!40101 SET @saved_cs_client     = @@character_set_client */;
/*!40101 SET character_set_client = utf8 */;
CREATE TABLE `likes` (
  `id` bigint(20) unsigned NOT NULL AUTO_INCREMENT,
  `user_id` bigint(20) unsigned NOT NULL,
  `media_id` bigint(20) unsigned NOT NULL,
  `created_at` datetime DEFAULT current_timestamp(),
  UNIQUE KEY `id` (`id`),
  KEY `user_id` (`user_id`),
  KEY `media_id` (`media_id`),
  CONSTRAINT `likes_ibfk_1` FOREIGN KEY (`user_id`) REFERENCES `users` (`id`),
  CONSTRAINT `likes_ibfk_2` FOREIGN KEY (`media_id`) REFERENCES `media` (`id`)
) ENGINE=InnoDB AUTO_INCREMENT=101 DEFAULT CHARSET=utf8mb4 COLLATE=utf8mb4_unicode_ci;
/*!40101 SET character_set_client = @saved_cs_client */;

--
-- Dumping data for table `likes`
--

LOCK TABLES `likes` WRITE;
/*!40000 ALTER TABLE `likes` DISABLE KEYS */;
INSERT INTO `likes` VALUES (1,1,1,'2002-01-29 02:23:16'),(2,2,2,'1999-07-03 18:55:30'),(3,3,3,'2009-02-24 05:48:51'),(4,4,4,'2007-12-03 04:48:10'),(5,5,5,'1987-03-15 12:57:56'),(6,6,6,'1999-09-27 11:03:20'),(7,7,7,'2000-06-25 17:55:41'),(8,8,8,'1998-08-01 17:57:55'),(9,9,9,'1987-12-06 03:52:02'),(10,10,10,'1973-02-11 15:14:15'),(11,11,11,'1975-12-20 10:45:32'),(12,12,12,'1985-08-16 18:38:12'),(13,13,13,'2013-05-28 03:20:12'),(14,14,14,'1977-11-06 15:56:51'),(15,15,15,'2018-07-13 12:24:28'),(16,16,16,'2012-01-19 14:38:46'),(17,17,17,'1976-09-18 19:44:32'),(18,18,18,'1984-04-28 22:58:42'),(19,19,19,'1981-02-18 11:51:09'),(20,20,20,'2003-05-22 02:52:58'),(21,21,21,'1999-09-09 12:00:28'),(22,22,22,'2005-06-14 14:17:53'),(23,23,23,'1992-08-28 01:07:33'),(24,24,24,'1972-12-20 07:48:16'),(25,25,25,'1983-05-09 21:55:09'),(26,26,26,'2015-01-03 07:32:20'),(27,27,27,'2007-09-20 22:56:50'),(28,28,28,'2013-03-18 08:32:52'),(29,29,29,'1987-07-13 11:44:31'),(30,30,30,'2007-06-24 16:50:05'),(31,31,31,'1999-02-16 08:56:38'),(32,32,32,'2001-06-18 19:49:38'),(33,33,33,'1988-03-26 11:23:43'),(34,34,34,'1999-12-11 07:19:36'),(35,35,35,'1998-09-19 05:12:43'),(36,36,36,'2003-12-12 19:43:33'),(37,37,37,'1971-02-07 03:18:13'),(38,38,38,'1972-03-10 15:22:14'),(39,39,39,'1973-01-02 06:32:05'),(40,40,40,'1991-07-29 15:18:53'),(41,41,41,'2017-10-09 12:42:30'),(42,42,42,'1979-03-09 02:29:30'),(43,43,43,'1973-06-28 11:33:23'),(44,44,44,'1980-04-11 17:55:47'),(45,45,45,'2018-02-13 22:57:42'),(46,46,46,'1972-07-22 06:25:22'),(47,47,47,'1984-06-10 21:50:03'),(48,48,48,'2010-10-24 07:29:31'),(49,49,49,'1989-11-21 22:07:33'),(50,50,50,'2019-06-15 02:54:23'),(51,51,51,'1980-11-17 01:54:26'),(52,52,52,'2009-11-20 13:36:46'),(53,53,53,'2005-08-26 19:18:56'),(54,54,54,'2011-08-07 10:03:25'),(55,55,55,'2010-11-25 19:35:10'),(56,56,56,'1976-10-04 08:11:56'),(57,57,57,'2002-02-26 05:34:03'),(58,58,58,'2006-05-15 15:08:09'),(59,59,59,'2008-05-18 11:54:01'),(60,60,60,'1987-04-02 05:23:25'),(61,61,61,'1989-05-03 15:23:28'),(62,62,62,'1977-05-02 12:31:04'),(63,63,63,'1977-05-31 00:32:18'),(64,64,64,'2008-07-07 23:53:34'),(65,65,65,'1975-05-04 08:43:48'),(66,66,66,'2000-03-22 15:18:38'),(67,67,67,'1970-07-09 10:53:35'),(68,68,68,'2015-01-30 09:05:13'),(69,69,69,'2013-09-08 14:09:33'),(70,70,70,'2005-04-26 21:49:17'),(71,71,71,'2018-11-25 06:25:23'),(72,72,72,'1990-10-05 11:20:27'),(73,73,73,'1979-08-06 09:41:52'),(74,74,74,'1997-02-11 19:10:09'),(75,75,75,'2001-02-24 23:44:06'),(76,76,76,'1984-10-02 17:54:16'),(77,77,77,'2011-01-23 16:01:59'),(78,78,78,'1971-01-20 17:02:26'),(79,79,79,'1989-09-29 07:22:34'),(80,80,80,'2010-06-13 09:16:14'),(81,81,81,'1983-07-16 08:18:57'),(82,82,82,'1972-03-15 06:49:30'),(83,83,83,'1972-08-22 20:23:30'),(84,84,84,'1994-06-18 06:26:57'),(85,85,85,'1979-11-18 17:08:45'),(86,86,86,'2004-03-10 07:53:58'),(87,87,87,'2001-03-21 09:14:24'),(88,88,88,'1972-02-29 18:03:17'),(89,89,89,'2017-08-08 15:47:59'),(90,90,90,'2016-03-26 11:26:03'),(91,91,91,'2008-07-08 12:33:41'),(92,92,92,'2008-09-04 23:56:17'),(93,93,93,'1976-11-29 06:42:06'),(94,94,94,'2009-12-08 14:14:55'),(95,95,95,'2000-04-07 02:45:58'),(96,96,96,'2011-08-30 13:56:06'),(97,97,97,'1986-07-02 12:28:55'),(98,98,98,'2006-08-13 03:37:42'),(99,99,99,'1989-05-06 13:30:25'),(100,100,100,'1992-07-03 00:10:03');
/*!40000 ALTER TABLE `likes` ENABLE KEYS */;
UNLOCK TABLES;

--
-- Table structure for table `media`
--

DROP TABLE IF EXISTS `media`;
/*!40101 SET @saved_cs_client     = @@character_set_client */;
/*!40101 SET character_set_client = utf8 */;
CREATE TABLE `media` (
  `id` bigint(20) unsigned NOT NULL AUTO_INCREMENT,
  `user_id` bigint(20) unsigned NOT NULL,
  `media_type_id` bigint(20) unsigned NOT NULL,
  `user_message` varchar(255) COLLATE utf8mb4_unicode_ci DEFAULT NULL,
  `filename` varchar(255) COLLATE utf8mb4_unicode_ci DEFAULT NULL,
  `metadata` longtext CHARACTER SET utf8mb4 COLLATE utf8mb4_bin DEFAULT NULL CHECK (json_valid(`metadata`)),
  `created_at` datetime DEFAULT current_timestamp(),
  `updated_at` datetime DEFAULT NULL ON UPDATE current_timestamp(),
  UNIQUE KEY `id` (`id`),
  KEY `user_id` (`user_id`),
  KEY `media_type_id` (`media_type_id`),
  CONSTRAINT `media_ibfk_1` FOREIGN KEY (`user_id`) REFERENCES `users` (`id`),
  CONSTRAINT `media_ibfk_2` FOREIGN KEY (`media_type_id`) REFERENCES `media_types` (`id`)
) ENGINE=InnoDB AUTO_INCREMENT=101 DEFAULT CHARSET=utf8mb4 COLLATE=utf8mb4_unicode_ci;
/*!40101 SET character_set_client = @saved_cs_client */;

--
-- Dumping data for table `media`
--

LOCK TABLES `media` WRITE;
/*!40000 ALTER TABLE `media` DISABLE KEYS */;
INSERT INTO `media` VALUES (1,1,1,'Sed veritatis deleniti harum tempore repellat ad. Qui aut voluptatem quod quasi odit. Laboriosam dolor voluptates quo architecto velit est in maxime. Magnam explicabo vitae quas ut incidunt officiis amet.','ut',NULL,'2005-06-29 11:29:11','2001-08-01 20:55:09'),(2,2,2,'Et rerum qui blanditiis. Accusamus sunt et sapiente aut qui cumque neque nulla.','voluptate',NULL,'1983-04-30 11:52:58','2006-06-28 16:16:44'),(3,3,3,'Alias cumque fuga dolorem. Cum eligendi commodi dolorem vel. Mollitia blanditiis omnis et eaque saepe qui et consequatur.','nisi',NULL,'2014-04-02 17:25:44','1976-03-08 07:35:37'),(4,4,4,'Ratione sit deleniti tempora minima impedit. Ipsum tempora reiciendis voluptatem nam quam. Quaerat accusantium porro voluptatem at omnis deserunt. Aut velit quia eos numquam.','at',NULL,'1992-03-26 20:30:16','1986-05-28 04:27:30'),(5,5,1,'Tenetur est est quod beatae quia aut aliquam. Quo ducimus laboriosam cum dolor quis sed.','voluptas',NULL,'2015-11-09 19:47:53','2020-03-19 13:52:13'),(6,6,2,'Molestiae nesciunt quos dolores nihil perspiciatis maiores. Animi doloremque tenetur nisi quia. Sunt ut quaerat ad quisquam dolorem eos.','adipisci',NULL,'2018-06-19 20:30:24','1974-03-05 18:34:21'),(7,7,3,'Repellendus dignissimos non qui aut. Et non et et qui. Cum temporibus dignissimos totam perspiciatis minus quam amet.','repellendus',NULL,'1977-11-20 14:48:17','2003-02-07 16:49:40'),(8,8,4,'Est et explicabo qui quisquam ullam error. Architecto corporis reprehenderit dolorem odit autem aliquam et. Accusamus maiores nam ut et est.','omnis',NULL,'2022-12-12 05:41:23','2006-06-11 15:31:22'),(9,9,1,'Voluptate rerum ut quia. Quisquam sint et autem in fugit consequatur. Suscipit nemo voluptate eaque.','qui',NULL,'1999-04-02 20:58:41','1972-02-06 19:43:10'),(10,10,2,'Saepe perspiciatis unde vel temporibus consequuntur reprehenderit. Totam dolor et quae pariatur omnis tenetur quisquam. Laboriosam est officia omnis quia itaque ea quaerat natus. Perspiciatis delectus ex magni fuga qui.','unde',NULL,'2010-08-19 14:35:00','1982-05-04 02:42:36'),(11,11,3,'Dolorem et a et qui dolor tempora. Dolores aut molestias reprehenderit reprehenderit voluptate mollitia animi. Necessitatibus beatae nisi autem cupiditate qui sit veritatis. Possimus est omnis sit vero.','fuga',NULL,'2021-04-30 00:58:12','2009-01-18 19:56:26'),(12,12,4,'Molestiae veniam nam et. Voluptas similique velit perferendis aut et. Aut ipsum molestiae voluptas vitae minima ea.','neque',NULL,'1994-02-02 22:08:53','1970-10-03 00:25:16'),(13,13,1,'Eligendi non ut officiis est enim. Aut est sed qui voluptate officia. Corporis dolorum rem consequatur et et nihil minus cupiditate.','consequatur',NULL,'1981-01-24 11:11:41','2017-09-25 19:44:12'),(14,14,2,'Mollitia id iste repellendus numquam asperiores. Et quis quia velit reiciendis eos quia quisquam iure. Veritatis nemo inventore velit quos doloremque. Est qui rerum veniam placeat et.','maiores',NULL,'1987-12-26 10:14:38','1971-08-04 19:57:46'),(15,15,3,'Odit explicabo sint voluptatem sed. Officiis laboriosam unde sint ut sit culpa tempora. Quia facilis fuga et quod sint ut eum sit. Aspernatur et sed a molestiae perferendis est nulla.','quia',NULL,'1980-10-03 00:22:24','1987-07-27 17:16:23'),(16,16,4,'Modi doloribus dignissimos soluta veniam. Repellendus sed quia non qui sed nobis maiores ratione.','assumenda',NULL,'1972-10-02 18:47:35','2018-02-12 05:54:44'),(17,17,1,'Rem accusantium sit ea rem. Perspiciatis et dolores repudiandae voluptas qui sit. Sint aut consequatur doloribus.','enim',NULL,'1981-06-26 13:16:49','1995-12-01 22:40:29'),(18,18,2,'Molestiae delectus in iusto eos quod eveniet cum odit. Aut ut et ab et debitis eligendi. Delectus ipsa ipsum ut. Error deserunt quas autem voluptate.','sed',NULL,'1992-08-21 20:52:09','2002-02-26 14:39:36'),(19,19,3,'Quo est consequuntur minima laudantium dolores. Ut qui id reiciendis dolor pariatur. Atque id dolorem placeat voluptates debitis nisi veniam inventore. Quia ducimus velit facilis soluta dignissimos.','deleniti',NULL,'2019-03-14 01:18:12','1975-10-04 05:31:11'),(20,20,4,'Ut eligendi voluptas dolorem laboriosam rerum. Explicabo labore sed in repellat sint aliquid esse quibusdam. Consequatur iusto vel sed at ut veniam.','ut',NULL,'1991-06-21 00:48:30','2014-05-06 23:52:09'),(21,21,1,'Rerum sit id ut praesentium corporis quos id. Accusantium veritatis corporis amet recusandae officiis aut. Eum sint saepe quaerat dolorem deserunt dolore necessitatibus. Aut animi culpa ex quia assumenda nobis ducimus.','distinctio',NULL,'1977-05-11 23:46:50','1970-07-29 18:28:40'),(22,22,2,'Est veritatis aut numquam rerum asperiores et. Omnis quo eligendi velit eum rerum assumenda aut sequi. Non illum qui occaecati non illum nesciunt rem.','eius',NULL,'2021-06-05 08:48:55','1997-06-06 05:48:46'),(23,23,3,'Mollitia odit commodi reiciendis cumque aut explicabo. Reiciendis veniam accusantium quidem pariatur sint qui nemo. Tempore illo eum in quia. Doloribus magnam qui eaque minus amet ab exercitationem.','voluptate',NULL,'2013-11-22 14:04:30','1995-06-23 12:12:58'),(24,24,4,'Eos cum quis esse voluptates ab at corporis. Distinctio quam similique perferendis fugit maiores aut. Magnam quam praesentium unde ut.','velit',NULL,'1994-06-02 16:06:45','1974-09-24 14:28:21'),(25,25,1,'A vel perferendis consequatur sed ab libero cumque. Ut et et dolorem doloribus debitis esse. Nihil sint nihil labore veritatis est voluptate.','dicta',NULL,'1998-07-06 23:35:42','1986-04-05 07:16:43'),(26,26,2,'Soluta deleniti provident non facilis beatae. Quis veritatis enim aut nihil optio perspiciatis vel. Eaque rerum possimus eum esse et.','vel',NULL,'1989-09-18 10:09:14','1987-05-09 08:50:50'),(27,27,3,'Illo libero libero esse laudantium consequatur iusto sed. Cupiditate doloremque debitis molestias minus iste enim non. Assumenda veniam aut ea corporis esse ea. Hic dolore aut corporis minus iure.','odit',NULL,'1983-07-05 08:21:58','1973-01-26 05:11:33'),(28,28,4,'Aut deserunt doloremque explicabo aperiam sint. Incidunt saepe reiciendis non quasi delectus non sapiente omnis. Deserunt natus suscipit ea officia qui architecto perferendis.','rem',NULL,'2001-06-28 21:36:57','2011-01-27 22:12:13'),(29,29,1,'Dicta molestiae quo quia odit et. Sit quam eum error enim hic rerum. Corrupti officiis et eveniet suscipit provident quia deleniti nihil. Aliquam consequatur voluptas modi omnis.','perferendis',NULL,'1990-03-08 04:55:29','1975-12-11 08:24:13'),(30,30,2,'Quis exercitationem ducimus est dolorum. Inventore non voluptas ea excepturi. Mollitia quidem cum eum et qui. Sunt aut in quia.','dolorem',NULL,'2000-06-17 20:41:28','1984-03-10 17:13:20'),(31,31,3,'Et odio officiis fugiat ea voluptate. Laboriosam sit sunt sed suscipit mollitia est doloribus adipisci. Itaque ab nam dolor autem quo.','aut',NULL,'2021-09-09 02:55:19','2006-08-01 21:15:28'),(32,32,4,'Beatae est aut nulla distinctio quis sapiente sed. Voluptatem cupiditate non qui dolores. Vel voluptatem deleniti dolorem.','illum',NULL,'1994-02-23 14:13:22','2016-03-15 23:44:41'),(33,33,1,'Ut maxime illum illum quasi voluptatem aut itaque. Laborum magnam tenetur quia. Adipisci expedita illo veritatis quod. Enim minima itaque autem qui.','dolorum',NULL,'1999-12-25 09:11:00','2007-03-24 16:48:15'),(34,34,2,'Hic perferendis nihil sed qui nesciunt enim. Amet et repudiandae temporibus harum recusandae qui et. Odit recusandae itaque laudantium nostrum.','quibusdam',NULL,'1984-11-28 16:58:45','2021-10-14 12:05:52'),(35,35,3,'Adipisci a eveniet totam non veritatis a rerum. Dolores dolor fuga quo voluptas sint vitae. Harum excepturi id ullam eos quaerat aut. Voluptatem soluta ipsum ipsa unde placeat quis quam.','fugiat',NULL,'1981-11-22 11:19:42','1997-12-07 01:25:44'),(36,36,4,'Veniam sit et aut quos et culpa. Enim quia doloribus cum reprehenderit saepe. Quidem sit aspernatur porro vero impedit occaecati vel porro. Voluptas ut odit odit quaerat suscipit quae.','in',NULL,'2002-05-03 19:21:06','2009-07-15 20:06:10'),(37,37,1,'Iusto est quis saepe nam ut autem laboriosam. Reprehenderit odio fugiat est ea. Qui ut suscipit et ex repellat. Voluptas ut voluptas ea blanditiis facilis.','minima',NULL,'1982-04-22 06:11:21','1994-05-21 18:10:55'),(38,38,2,'Esse aut quam aperiam repudiandae id id harum. Cumque dolorem distinctio mollitia. Et eum eos quo iste.','est',NULL,'1992-09-05 04:29:07','2014-07-17 11:24:31'),(39,39,3,'Numquam hic aliquam facilis. Est dolorem quod qui quae. Ratione soluta cupiditate minima commodi. Rerum sequi aut eos velit commodi.','maxime',NULL,'1975-07-03 01:02:18','1998-12-24 09:22:59'),(40,40,4,'Sit vel culpa tempore et quia nostrum natus. Dicta itaque reprehenderit error molestias nostrum. Repudiandae sit natus molestias nihil est dolor quaerat. Accusantium distinctio exercitationem debitis quis necessitatibus officia.','rerum',NULL,'2017-08-16 15:24:45','1972-10-06 16:15:08'),(41,41,1,'At ut qui neque sed. Laborum ea cumque laudantium cupiditate eos ipsum sit vero. Dolorem magnam fuga numquam labore reprehenderit et. Quod et delectus ut.','voluptatem',NULL,'1991-07-13 04:44:46','1974-11-03 19:10:44'),(42,42,2,'Repellat quia ut itaque fugit eaque dicta. Rem animi molestias ut voluptatem numquam sint. Dolores ut maiores molestiae. Aut id numquam sit velit possimus impedit.','qui',NULL,'2005-10-09 02:48:07','1984-06-05 12:02:39'),(43,43,3,'Qui ut aut natus voluptas dolorem quasi. Alias et maiores ipsa asperiores corporis quisquam commodi. Culpa velit ab quia at et placeat cupiditate quam.','aut',NULL,'1978-08-27 11:23:28','2015-10-09 10:41:27'),(44,44,4,'Sint delectus in nemo eaque nobis. Dolores libero quas blanditiis eius.','quod',NULL,'2006-12-29 18:06:42','1996-12-05 00:48:16'),(45,45,1,'Tempora ex unde necessitatibus eligendi animi similique qui. Quo molestiae similique molestiae magnam sit delectus. Odio consequuntur sit deserunt enim ipsa aperiam a.','nihil',NULL,'1971-12-11 11:06:41','1979-10-09 07:32:15'),(46,46,2,'Incidunt quisquam quae ipsa eveniet perferendis. Ipsam recusandae eligendi voluptatem ipsa qui. Impedit sit nesciunt nobis iure porro.','assumenda',NULL,'1995-02-15 18:49:49','1977-09-15 19:31:40'),(47,47,3,'Neque rerum inventore officia totam ut dolor. Officiis vero eum perspiciatis quo aliquid a at sit. Est ratione blanditiis dolor non.','quasi',NULL,'1992-10-17 16:22:15','2015-01-24 03:29:53'),(48,48,4,'Dolore quis nisi tempore omnis laborum sapiente. Exercitationem voluptatum provident dolorem exercitationem. Id placeat architecto sint veniam natus maxime. Dignissimos molestiae voluptatem est assumenda deserunt.','saepe',NULL,'1988-05-27 09:36:03','1990-07-23 08:56:33'),(49,49,1,'Aut vero maxime culpa et quam non quae. Eos officia id dolorem non.','maiores',NULL,'1989-07-24 13:49:00','1978-09-14 23:40:33'),(50,50,2,'Similique pariatur sequi qui. Tempora quia officiis amet quisquam consequatur. Magnam quia natus quidem nam. Consequuntur sit dolor quaerat officia consequatur vitae ut consequatur.','consequatur',NULL,'1990-09-04 21:41:33','2013-01-09 20:19:57'),(51,51,3,'Et quae natus magnam est maiores. Quibusdam aut pariatur iure vitae adipisci commodi dolor. Porro voluptatum iusto quod deserunt.','quia',NULL,'2020-11-16 14:09:33','1985-02-01 01:31:08'),(52,52,4,'Sit ea facere quia reiciendis sed dolor. Et illo natus pariatur a delectus dolor. Et maiores quod quia omnis consequatur incidunt neque. Eum dolor sapiente reprehenderit.','veritatis',NULL,'2019-11-21 08:04:09','2018-04-29 05:31:23'),(53,53,1,'Facere nobis natus consequatur dicta repellendus. Voluptatibus eligendi et quam possimus ut itaque. Est quaerat sed tenetur ut inventore dolore. Provident molestias qui eius aliquam. Repudiandae esse corrupti quia ut est quae.','incidunt',NULL,'1999-11-09 05:41:56','2007-08-22 03:11:34'),(54,54,2,'Laborum sint expedita pariatur doloribus. Eos asperiores fugiat rerum autem ut nihil natus. Iusto hic consequatur eveniet ut nostrum nobis ad.','quae',NULL,'2019-03-05 03:20:45','1986-02-02 20:43:51'),(55,55,3,'Omnis unde autem molestiae debitis dolores rerum. Rem molestiae quis odit ea error est. Quis eius sapiente labore ut dolor provident molestias. Enim dolores minima qui et repellat quam facere.','nulla',NULL,'2021-05-17 00:04:56','1977-06-18 13:16:45'),(56,56,4,'Aspernatur ut aut doloribus beatae atque. Quo et tenetur non minus voluptatem voluptas harum ullam.','suscipit',NULL,'1985-10-18 05:45:16','1976-08-05 13:36:38'),(57,57,1,'Magni voluptatum dolorem numquam laborum veritatis. Est delectus ipsa error magnam sit quis. Rerum aut nisi enim optio veniam et doloribus. Iusto amet odit aliquam illum sit.','saepe',NULL,'2013-04-21 20:46:01','2013-06-08 10:31:26'),(58,58,2,'Mollitia qui et dolores voluptatibus cum sit natus. Vel suscipit saepe consequatur a illum consectetur.','et',NULL,'1995-03-08 10:40:58','1993-07-20 03:55:14'),(59,59,3,'Voluptas blanditiis saepe sequi. Ullam voluptatem non esse voluptatem beatae rerum veniam nulla. Fuga est earum alias animi ut sint quo. Voluptatem et unde voluptas facilis.','hic',NULL,'1991-10-23 20:57:24','1995-05-08 17:30:21'),(60,60,4,'Porro rerum eos laborum ut. Ut officiis non ea facere nemo. Perferendis non ea dolores nemo molestias repellat.','eius',NULL,'1990-01-07 22:26:20','1982-12-31 21:20:15'),(61,61,1,'Blanditiis soluta molestiae libero asperiores sit qui. Alias in sed dolores est ut. Et velit assumenda ipsam dolores consequatur sunt sit. Enim et in id architecto et laborum error aut.','totam',NULL,'1983-05-29 09:23:01','1980-01-02 13:45:57'),(62,62,2,'Aut quaerat et magni veniam laboriosam. Quisquam quos numquam dolorem hic corrupti est. Voluptatem cumque neque consectetur quo qui corrupti sit. Sint suscipit nostrum voluptatem voluptates porro nulla.','molestiae',NULL,'2008-05-27 22:12:21','2007-05-26 19:56:08'),(63,63,3,'Totam quo dolores fuga ad corporis et. Fugit dolorum ducimus magnam atque vel ut ipsa. Provident deserunt voluptas beatae et ipsa perspiciatis. Deleniti voluptatem explicabo inventore ex repellat.','id',NULL,'2016-07-21 11:24:53','1986-04-03 09:57:37'),(64,64,4,'Beatae odio ex qui nesciunt est harum aut et. Laboriosam cum sapiente hic est. Eaque voluptas commodi non est quod aut quibusdam.','architecto',NULL,'1971-05-14 16:25:24','1981-05-04 09:42:15'),(65,65,1,'Suscipit dicta possimus officiis eligendi. Maiores illo est facilis explicabo.','non',NULL,'2020-12-14 00:41:26','2022-04-06 17:06:31'),(66,66,2,'Molestiae aut sit ipsum qui eaque. Quasi recusandae sunt maiores laborum qui. Qui commodi amet commodi nulla. Aut odit sunt reprehenderit non maxime qui.','dolores',NULL,'1992-10-18 06:18:40','1988-08-21 21:16:49'),(67,67,3,'Voluptas et non ipsam aut sed quam. Voluptatibus rem quia ducimus. Amet iste laborum et voluptatem qui modi rerum. Aut sed perspiciatis nostrum cum.','aut',NULL,'1975-12-12 07:27:06','2015-08-08 08:53:13'),(68,68,4,'Qui est rem nemo cum et. Dolore quis hic aut. Sint et repellendus inventore eligendi labore.','blanditiis',NULL,'1999-03-15 16:36:20','1985-12-20 12:47:48'),(69,69,1,'Eum nulla ea nemo ut. Ratione delectus veniam ipsa aliquid debitis esse ut. Molestiae ut labore veniam vel iste suscipit. Ea ex non vel libero quis animi molestiae.','beatae',NULL,'2003-02-13 05:42:41','2013-04-25 21:12:17'),(70,70,2,'Sed ex ad magnam molestias sint commodi. Molestiae iusto cumque quo quas sit blanditiis. Omnis quibusdam quo et excepturi animi. Ut et veritatis consequatur dolorem eaque alias rerum. Veritatis at non ut mollitia dolor corrupti.','consequatur',NULL,'2001-01-07 05:42:36','1973-06-14 03:26:07'),(71,71,3,'Ipsum voluptatem rerum debitis veritatis reiciendis. Quia exercitationem natus incidunt enim quia in. Non voluptatum illo aliquam nulla.','qui',NULL,'1989-04-07 06:55:07','2019-11-16 07:52:38'),(72,72,4,'Quaerat reiciendis sed voluptatem atque. Nisi aut et dicta labore nisi consectetur non. Aut soluta sed similique atque error ipsum reiciendis. Est earum modi corrupti quis deleniti minima perspiciatis.','et',NULL,'1994-12-15 19:27:29','1986-01-15 16:03:03'),(73,73,1,'Excepturi aut sed voluptas maiores quibusdam illo commodi. Quam molestiae qui aut et. Molestiae voluptas et architecto minus. Aut ea velit facere maxime quis et labore. Doloremque iusto ut eligendi ut voluptas autem.','dolorem',NULL,'1979-09-24 04:35:23','1991-07-13 11:04:12'),(74,74,2,'Impedit voluptas eos est quia. Consequatur voluptate libero sint doloremque veritatis delectus cum. Esse ratione ullam voluptas. Rerum beatae facere ut sunt aut necessitatibus esse ut.','dicta',NULL,'1984-10-31 19:39:50','2003-02-17 22:49:46'),(75,75,3,'Eveniet repudiandae dolores beatae aliquam minima. Corrupti aliquam maxime tempora sit alias. Ut aliquam ad corporis hic et.','vero',NULL,'2000-05-31 06:36:24','1983-07-17 01:56:21'),(76,76,4,'Rerum ut facere officia dignissimos nobis aliquid dolore. Illum cupiditate labore dolorum iste omnis iure error. Debitis omnis magnam quia dicta voluptatibus molestias explicabo nihil. Quibusdam sunt sunt quis nostrum ut.','aut',NULL,'2003-07-11 16:30:53','2018-08-02 19:50:47'),(77,77,1,'Repellat aut voluptatum tempore tenetur. Consequatur ad dicta expedita voluptatem occaecati. Excepturi officia mollitia qui culpa. Temporibus consequatur mollitia aut enim aut a.','eos',NULL,'2000-11-28 20:24:27','1988-11-24 14:31:19'),(78,78,2,'Asperiores cumque modi et cum ipsa. Pariatur quos possimus facilis voluptatem odio et eos. Molestias rerum vel perferendis pariatur voluptatem quia. Ut quos dolor illo debitis rerum harum voluptas. Et accusamus aut quia accusantium quo non architecto.','a',NULL,'2018-12-02 13:01:01','2017-11-08 18:31:45'),(79,79,3,'Sint sequi nesciunt suscipit iure voluptatem harum. Aut nihil at rem. Consequatur qui quos aliquid amet veniam ipsa. Sed et qui autem quaerat sed quas sit.','qui',NULL,'2013-12-10 12:40:26','2016-10-28 07:51:25'),(80,80,4,'Omnis praesentium eligendi aliquid a earum hic. Molestias eum veritatis placeat inventore quis enim. Adipisci pariatur rem facere facere.','esse',NULL,'1980-11-05 01:20:21','2006-08-26 17:32:52'),(81,81,1,'Rerum nam corrupti sunt quia blanditiis reiciendis. Minus non officia et voluptas sit. Possimus explicabo odit nihil voluptatem ratione.','accusantium',NULL,'2008-04-01 08:44:15','1987-02-04 23:31:24'),(82,82,2,'Natus unde ad eum. Et nostrum repellat nam placeat vitae ex. Ut sunt consequatur ex quo odio. Corrupti qui repellendus cum natus consequatur.','mollitia',NULL,'2003-05-23 10:53:47','1972-12-23 19:15:16'),(83,83,3,'Id qui aperiam impedit eos vero et modi. Nulla id omnis repellendus at.','nulla',NULL,'2008-09-22 10:35:12','1991-11-24 14:26:11'),(84,84,4,'Et nobis ut nihil quia accusamus. Itaque excepturi repellat quis unde. Voluptatem dicta voluptates maxime quos necessitatibus officiis.','consectetur',NULL,'1970-01-28 15:23:37','1974-06-30 20:35:34'),(85,85,1,'Expedita voluptatem rerum dolor vero aut dolorum perferendis totam. Tempora esse exercitationem ipsum est et fuga. Veniam qui dolore sed vitae iusto. Temporibus eligendi nulla placeat quaerat aut soluta excepturi blanditiis.','et',NULL,'1989-03-09 01:03:19','2001-04-15 19:43:49'),(86,86,2,'Sit et ad hic est. Perspiciatis et animi sed qui iusto consequatur. Non vero ducimus in non totam nemo corrupti.','provident',NULL,'1979-05-27 21:54:04','2009-09-30 06:27:03'),(87,87,3,'Tenetur nobis cumque maiores non eum. Est et consequatur alias. Dolores nihil veritatis beatae accusamus ut amet eos. Explicabo animi aut autem et ea.','ullam',NULL,'2020-11-07 13:06:25','1975-08-14 18:44:55'),(88,88,4,'Sed sint nam eum alias. Quo libero qui quasi et autem et culpa. Et et natus eligendi hic iste eligendi quia. Itaque eos modi sit repellat eum.','est',NULL,'1977-09-25 23:22:43','2005-12-14 10:33:13'),(89,89,1,'Amet sint commodi voluptate ut qui nobis. Voluptatem minima similique rerum culpa facere officiis. Magnam vitae numquam cum voluptate maiores. Iste qui dolores aut voluptas sapiente dignissimos.','eum',NULL,'1991-08-22 19:21:37','2000-01-28 10:21:58'),(90,90,2,'Esse aliquid rerum cum accusantium hic dolor ipsum odio. Et placeat dolor sint sed ab cupiditate. Iure ut praesentium occaecati consectetur.','qui',NULL,'1989-06-28 20:37:34','1975-09-16 22:23:31'),(91,91,3,'Rem ut dolor quia est eum molestias sit. Nesciunt doloremque quisquam voluptatum qui quia et. Quia voluptas et quae et officia eaque. Sed neque necessitatibus dolorem sapiente assumenda impedit.','aut',NULL,'1989-03-02 07:51:06','1999-07-01 04:30:32'),(92,92,4,'Architecto sint fuga est excepturi impedit amet sunt illum. Maxime provident soluta sit ut in numquam voluptatem. Qui illum necessitatibus nihil aspernatur necessitatibus nostrum et. Iste odit repudiandae quis quis molestiae.','neque',NULL,'2016-06-30 22:26:04','2005-12-25 02:55:30'),(93,93,1,'Non sint optio accusamus et ea aliquam non. Numquam ex reiciendis est voluptate. Exercitationem error numquam ut numquam similique consectetur.','totam',NULL,'1975-03-24 04:38:24','1979-10-01 09:51:26'),(94,94,2,'Eligendi officia ut voluptates voluptatem. Reiciendis voluptas officia voluptatibus voluptatem consequatur. Nam odit repudiandae perferendis omnis. Est possimus voluptate laboriosam occaecati.','assumenda',NULL,'1986-09-13 19:24:15','1970-08-14 16:47:21'),(95,95,3,'Debitis labore aut explicabo sunt ipsam non illo aperiam. Aut a dolore deleniti aut. Deleniti vero dolor libero enim eos ipsa quas similique. Dicta harum architecto laborum error omnis quia consequuntur.','tempore',NULL,'1987-06-16 21:26:45','1997-04-07 07:12:04'),(96,96,4,'Vel voluptas vel ratione omnis. Nihil qui quis et doloremque. Eaque tempora repellendus consequatur facilis praesentium culpa.','et',NULL,'2000-02-29 17:12:54','1983-03-03 00:07:00'),(97,97,1,'Velit ipsam commodi inventore aspernatur fugit. Inventore id velit et nihil illum at recusandae. Vitae tenetur eveniet sint esse aut.','cumque',NULL,'2022-11-06 23:47:27','2016-10-05 06:17:00'),(98,98,2,'Vel eaque dolorem qui dolores soluta quae. Nam hic sunt consequatur ipsum rerum. At eveniet quibusdam atque omnis.','hic',NULL,'1970-10-02 00:19:43','2019-08-10 01:57:39'),(99,99,3,'Dolorum quis aperiam vel consequatur. Amet et inventore esse consequuntur fuga ut. Dolorem necessitatibus itaque repellendus suscipit dolor voluptas quas.','cumque',NULL,'1995-03-25 06:26:11','2001-08-15 07:23:28'),(100,100,4,'Temporibus voluptatum eius optio fugit quaerat commodi dolor. Ipsam architecto autem quasi earum et.','libero',NULL,'2002-01-11 02:47:00','2016-12-13 20:24:06');
/*!40000 ALTER TABLE `media` ENABLE KEYS */;
UNLOCK TABLES;

--
-- Table structure for table `media_types`
--

DROP TABLE IF EXISTS `media_types`;
/*!40101 SET @saved_cs_client     = @@character_set_client */;
/*!40101 SET character_set_client = utf8 */;
CREATE TABLE `media_types` (
  `id` bigint(20) unsigned NOT NULL AUTO_INCREMENT,
  `name` varchar(255) COLLATE utf8mb4_unicode_ci DEFAULT NULL,
  UNIQUE KEY `id` (`id`)
) ENGINE=InnoDB AUTO_INCREMENT=5 DEFAULT CHARSET=utf8mb4 COLLATE=utf8mb4_unicode_ci;
/*!40101 SET character_set_client = @saved_cs_client */;

--
-- Dumping data for table `media_types`
--

LOCK TABLES `media_types` WRITE;
/*!40000 ALTER TABLE `media_types` DISABLE KEYS */;
INSERT INTO `media_types` VALUES (1,'jpeg'),(2,'xcl'),(3,'mp3'),(4,'word');
/*!40000 ALTER TABLE `media_types` ENABLE KEYS */;
UNLOCK TABLES;

--
-- Table structure for table `messages`
--

DROP TABLE IF EXISTS `messages`;
/*!40101 SET @saved_cs_client     = @@character_set_client */;
/*!40101 SET character_set_client = utf8 */;
CREATE TABLE `messages` (
  `id` bigint(20) unsigned NOT NULL AUTO_INCREMENT,
  `from_user_id` bigint(20) unsigned NOT NULL,
  `to_user_id` bigint(20) unsigned NOT NULL,
  `body` text COLLATE utf8mb4_unicode_ci DEFAULT NULL,
  `created_at` datetime DEFAULT current_timestamp(),
  UNIQUE KEY `id` (`id`),
  KEY `from_user_id` (`from_user_id`),
  KEY `to_user_id` (`to_user_id`),
  CONSTRAINT `messages_ibfk_1` FOREIGN KEY (`from_user_id`) REFERENCES `users` (`id`),
  CONSTRAINT `messages_ibfk_2` FOREIGN KEY (`to_user_id`) REFERENCES `users` (`id`)
) ENGINE=InnoDB AUTO_INCREMENT=101 DEFAULT CHARSET=utf8mb4 COLLATE=utf8mb4_unicode_ci;
/*!40101 SET character_set_client = @saved_cs_client */;

--
-- Dumping data for table `messages`
--

LOCK TABLES `messages` WRITE;
/*!40000 ALTER TABLE `messages` DISABLE KEYS */;
INSERT INTO `messages` VALUES (1,1,1,'Autem quisquam nulla odio deleniti quis. Nesciunt voluptatum recusandae quidem ducimus dolores ad veniam est. Nihil unde quae maxime quia neque laudantium.','1977-07-14 22:02:17'),(2,2,2,'Dolor repellat eos reiciendis qui laudantium laudantium. Suscipit animi animi quis.','1995-06-26 06:22:22'),(3,3,3,'Dicta voluptas voluptas ut quia modi et. Pariatur reiciendis numquam illo. At odit a eum doloremque. Rem voluptatem voluptatem illo consequatur soluta esse.','1997-02-21 15:57:33'),(4,4,4,'Iure ea saepe veniam adipisci fugiat laborum. Id dolores et quasi. Dicta repellat id nihil omnis.','1992-12-22 00:52:51'),(5,5,5,'Cumque nulla eum omnis quam quo sit cumque est. Inventore voluptatem corporis provident vel eaque maiores. Dolore quae id animi laudantium consequuntur ipsum delectus. Non sapiente omnis explicabo. Aut eum repellendus sequi et.','1975-10-15 04:33:24'),(6,6,6,'Delectus quam voluptatibus labore expedita reiciendis. Tempore quia error saepe esse. Quae omnis corrupti id voluptate praesentium. Est ad dolorem et provident molestias.','1996-07-20 21:51:36'),(7,7,7,'Sunt sint laborum minus et quaerat alias. Quam voluptas officiis ut aut consectetur consequuntur consequatur sed. Adipisci repellat aperiam sed dolorum unde atque quis.','1972-02-17 02:48:56'),(8,8,8,'Sit atque exercitationem quasi. Consequatur dignissimos rerum a. Dolorem aut facilis nisi ut ut et. Totam iusto eius necessitatibus.','2017-08-07 10:02:34'),(9,9,9,'Iusto ut esse asperiores suscipit provident cumque non. Velit iste fugiat velit voluptas est. Dolore nulla consequatur vitae et.','2009-04-28 22:14:00'),(10,10,10,'Quibusdam occaecati repudiandae suscipit ab rerum. Nostrum facilis animi architecto architecto repellendus voluptate ut. Temporibus saepe commodi est illum qui blanditiis.','2002-12-16 11:23:57'),(11,11,11,'Aut et at optio qui. Sit et tempore ex est est. Eos enim non dolorem suscipit. Omnis consequatur soluta quo reprehenderit quia placeat minima. Eligendi accusamus consequatur at quod facilis.','2022-03-15 05:14:02'),(12,12,12,'Labore fugiat assumenda expedita laudantium tempore velit. Possimus veniam minima aut quam numquam. Deleniti nulla labore et est recusandae in inventore. Autem velit nihil qui laboriosam velit a consequatur.','1977-12-12 17:29:27'),(13,13,13,'Impedit reiciendis praesentium corrupti tempore officiis mollitia voluptatem. Molestiae et eius voluptate laborum corrupti. Maxime voluptatibus unde voluptate quia.','2017-06-25 07:16:21'),(14,14,14,'Qui in ipsam odit ipsum cumque et atque. Voluptatum rerum et sapiente ea aut ut aut. Quasi architecto ut ea repellat sint quo reprehenderit molestiae. Omnis exercitationem et omnis praesentium maxime cumque ut.','2013-04-11 06:08:03'),(15,15,15,'Ut quia placeat quia aut et deserunt non. Minus ab sunt libero praesentium. Qui dolorem odio nesciunt dolorem nemo deleniti. Iusto tempore voluptas reiciendis delectus.','2005-08-14 17:55:36'),(16,16,16,'Impedit eum voluptatem asperiores a. Officiis nam delectus dolore nulla animi maxime. Et aut aut excepturi tempora omnis accusamus eaque. Est odio expedita fuga praesentium excepturi dolorem.','1999-02-12 20:00:56'),(17,17,17,'Sit sit minus minima non. Est voluptatem aut quae animi ab. Possimus quae veritatis quia possimus in odit. Veniam occaecati atque architecto nihil.','2015-08-19 14:54:36'),(18,18,18,'Pariatur rem corrupti explicabo. Aliquam sunt non laboriosam quisquam. Eaque facilis non cum.','1977-07-14 03:30:40'),(19,19,19,'Illo beatae quo vel corporis ex eos dolore. Velit reiciendis non modi occaecati aperiam aut itaque. Numquam nesciunt molestiae nemo nam molestiae rerum laboriosam natus. Rerum velit inventore et aperiam ut.','2011-12-01 06:28:17'),(20,20,20,'Culpa doloribus ut voluptas enim quia doloribus. Consequatur saepe consectetur labore quo voluptatibus. Ipsam aliquam facilis sunt ipsa id nostrum. Voluptatibus est ea voluptatum reiciendis.','1974-03-08 23:16:18'),(21,21,21,'Harum aut qui voluptas reiciendis et. Et aut minima voluptate. Distinctio asperiores ea suscipit nam nesciunt.','1984-11-05 14:14:59'),(22,22,22,'Nihil adipisci vel soluta. Tempora possimus delectus rem. Et blanditiis vel sint eos.','1997-03-18 17:58:12'),(23,23,23,'Repellendus eaque saepe id natus earum labore saepe laboriosam. Enim perspiciatis fugit aut dolorem soluta. Sit facilis sit officia quam omnis nihil.','2011-05-17 01:08:25'),(24,24,24,'Suscipit facilis porro tempora ut voluptatem facere optio dolor. Nesciunt doloremque voluptate voluptas debitis dolorem omnis repudiandae. Eligendi asperiores rerum laboriosam facere tenetur.','2019-01-31 02:18:15'),(25,25,25,'Necessitatibus sint suscipit aliquid est quos. Vel ab velit magnam quod aut beatae harum pariatur. Nisi a earum aut qui. Quia et officiis minus quaerat facere voluptate commodi.','2009-03-18 11:13:33'),(26,26,26,'Quod dolores quia qui nihil ut. Impedit ipsam dolore veritatis et ab non. Minus quae nemo maxime recusandae. Aut reprehenderit porro quia mollitia laborum consequatur dolores.','2008-03-29 12:09:43'),(27,27,27,'Beatae ut voluptatem et asperiores recusandae asperiores. Debitis hic consectetur consequatur vero. Et dolorem eaque enim sed maxime ea qui.','2006-01-05 12:20:23'),(28,28,28,'Dolores non dignissimos voluptatem rerum. Itaque asperiores voluptatum fugiat natus placeat at. Vel natus autem labore cupiditate. Illum odio odio labore vitae nesciunt adipisci quis.','2008-11-24 17:34:10'),(29,29,29,'Minima nulla amet deleniti et nulla ipsum. Sint facilis nihil facere pariatur culpa laudantium in. Omnis in aut laudantium ad id quo. Adipisci reprehenderit occaecati ut distinctio exercitationem.','2012-03-30 09:11:45'),(30,30,30,'Exercitationem sint fuga et natus ullam et doloribus. Eum quia iste consequatur sint laudantium.','1972-01-22 14:17:20'),(31,31,31,'Ut rerum alias voluptas dolor eius dolorum. Magnam corporis tempore ut autem eum reprehenderit. Aut eum nemo officiis voluptatem doloribus. Enim eos repellat reiciendis qui.','2005-01-20 03:33:24'),(32,32,32,'Quia accusamus quibusdam hic nulla dolores. Deserunt laborum natus ipsum fuga quisquam placeat non. Illum iusto dolores omnis quae repellat dolores molestias.','1997-11-06 08:03:34'),(33,33,33,'Ad fuga quia sunt et molestiae voluptate. Necessitatibus eligendi nemo et voluptas veritatis. Voluptatem quibusdam eum sapiente.','2002-01-23 20:21:56'),(34,34,34,'Et dolor illo et recusandae. Distinctio et animi quos eveniet quis nihil culpa. Tenetur officia occaecati dolorum praesentium ut.','1970-04-04 06:20:46'),(35,35,35,'Architecto ut omnis distinctio deleniti. In sint illum quia ullam consequuntur corporis ullam. Et at animi et sunt.','1983-06-13 09:53:19'),(36,36,36,'Quod sequi sed esse et sit odio ut. Labore impedit sequi distinctio voluptatem ipsam. Nesciunt et qui voluptatem reprehenderit aliquid quis ex. Ea sed a unde odit provident. Porro impedit dolores adipisci laboriosam reiciendis est.','1983-05-15 22:38:27'),(37,37,37,'Est molestiae omnis expedita inventore quis. In eveniet consequatur inventore nemo numquam est. Rerum necessitatibus sunt quas vero voluptatem aut. Soluta illum voluptatem corrupti aut. Et voluptates aspernatur laborum est eius culpa sint.','1982-10-24 18:50:08'),(38,38,38,'Modi officia esse aliquam sapiente repellat iusto. Voluptas recusandae praesentium rerum perspiciatis et facere quia. Sint laboriosam enim dolorem voluptatem rerum sed quidem. Harum accusantium quis reprehenderit.','2012-11-17 03:00:03'),(39,39,39,'Sint corporis non explicabo assumenda quas odio accusantium. At quisquam iure et ut sed molestiae non. Ipsum recusandae delectus rerum eveniet. Praesentium quia fuga corporis rerum et reiciendis.','2014-03-06 11:51:23'),(40,40,40,'Molestias est voluptas eveniet facere. Occaecati hic quis quia nobis perspiciatis id aut. Qui natus quia accusantium ipsa tempore eum fuga. Id doloremque sapiente et perspiciatis accusamus voluptas.','1998-02-27 05:11:22'),(41,41,41,'Minima quaerat aliquam hic quis nostrum. Quis saepe in et neque temporibus aspernatur accusamus. Est ab repudiandae et temporibus. Illum omnis facere qui eum illo eos. Aperiam totam eos consectetur debitis necessitatibus.','1997-09-10 10:06:33'),(42,42,42,'Non omnis doloremque aut dolores beatae et fuga. Perferendis veniam nihil mollitia quae. Vero culpa natus non quia. Ullam officiis ut itaque provident minima.','1987-06-16 20:45:27'),(43,43,43,'Id molestiae at sed non. Beatae placeat deleniti quisquam qui rerum. At blanditiis commodi quas illum ipsa autem neque. Dolorem voluptatum amet sunt distinctio voluptatem aut aut.','2020-12-27 15:46:46'),(44,44,44,'Fugiat amet commodi molestiae numquam. Nesciunt id et quis quae qui ea.','2013-09-15 04:40:55'),(45,45,45,'Necessitatibus qui et repellendus quidem voluptates. Incidunt ut voluptas sint adipisci et. Eveniet id quia eum porro. Et vitae error vel molestiae minus quos.','1984-05-18 16:08:25'),(46,46,46,'Vel quo et doloribus. Quae quia est numquam ad ducimus unde dolorem. Consequuntur laborum repellat architecto totam et.','2020-01-04 23:02:39'),(47,47,47,'Beatae perspiciatis error autem ratione quaerat. Non quia qui explicabo est voluptatum consequatur saepe quaerat. Ut et officia doloremque et.','1971-10-26 22:41:57'),(48,48,48,'Nemo ut nesciunt provident. Voluptas omnis recusandae magni perspiciatis iusto. Deleniti aspernatur et voluptatum excepturi perferendis omnis blanditiis.','2005-01-16 16:07:56'),(49,49,49,'Quaerat quo est doloribus. Libero ea nihil totam qui. Ullam est ipsa ut consequatur dicta debitis occaecati quam. Tempore expedita pariatur excepturi.','1990-03-30 02:42:50'),(50,50,50,'Totam ducimus dolorum facilis et aut. Corrupti earum laborum asperiores in aut dolore cumque aut. Sint a dolorem voluptate eveniet sunt vitae dolorum. Quia et quia ea ab consequatur error recusandae.','1990-12-29 09:28:53'),(51,51,51,'Velit ea quisquam facilis beatae quidem. Non fugit reiciendis illum quidem eos. Et optio saepe a et recusandae magni vel sequi.','1993-02-03 06:08:56'),(52,52,52,'Explicabo non inventore non libero. Sit quidem eligendi eaque. Doloremque ea repellendus facere necessitatibus in debitis.','2008-05-20 11:08:21'),(53,53,53,'Velit iste exercitationem omnis eos ipsam est vel. Tempore fugit ipsa id aut. Et quis cumque quia et sit pariatur ut. Voluptas quasi tempore porro quidem cumque sint. Quasi ipsum dolorum dolorum et quod.','2017-03-19 04:31:55'),(54,54,54,'Nostrum expedita repudiandae facilis consequuntur tempore vel. Et exercitationem ut recusandae est veniam. Rerum ducimus voluptas ut quos saepe. Id eum expedita autem et aut dolor quia. Eos aliquam consectetur voluptatibus veniam praesentium.','1984-09-08 10:05:55'),(55,55,55,'Officia a fuga dolores alias non corrupti. Aut occaecati sed temporibus molestiae est quia. Enim ut similique dolores ut voluptatem magnam. Repudiandae tempora beatae reprehenderit unde modi distinctio.','1992-07-17 11:43:32'),(56,56,56,'Accusamus temporibus quod consequatur assumenda. Neque voluptatem omnis suscipit molestias. Cupiditate a consectetur cum error. Expedita vel fugiat consequatur ad. Quam consequatur eum eum aut deserunt nostrum aut.','2005-10-30 13:15:21'),(57,57,57,'Accusamus corrupti omnis porro et saepe. Qui est voluptate culpa est sed ut nihil assumenda.','2017-04-17 23:43:00'),(58,58,58,'Consequatur delectus veritatis aperiam illo dolore eos. Aut ex consequatur eligendi sunt qui vitae eveniet.','2011-03-01 16:36:12'),(59,59,59,'Molestiae velit qui voluptatem quia velit nesciunt in. Atque ullam sed facilis earum cumque fuga. Nobis ab facere ut inventore voluptatem facere eaque quasi. Voluptate architecto inventore eius voluptatem omnis.','2011-04-02 23:09:24'),(60,60,60,'Voluptatum ut est harum sunt qui mollitia reprehenderit quos. Blanditiis necessitatibus sapiente vero deleniti. Quidem cupiditate nulla totam nulla. Doloremque quos eos ipsum.','1998-03-13 14:23:41'),(61,61,61,'Ullam maiores officiis illo deserunt amet dicta delectus. Voluptate dolor sit sit asperiores non magnam aliquam dolorem. Molestiae iste nesciunt debitis blanditiis culpa.','2016-12-12 02:46:53'),(62,62,62,'Molestiae voluptatem sit est dolor. Et et velit cupiditate repellendus tempore. Sed ea qui at mollitia est.','1970-05-09 23:04:27'),(63,63,63,'Error aliquam molestiae est provident nobis. Sint alias praesentium architecto aut modi rerum. Ad dolores hic ea ut et iusto.','2010-02-03 10:08:13'),(64,64,64,'Et placeat autem sit et eligendi aliquid. Dolores ipsum nesciunt neque voluptas iure. Qui magnam natus nihil totam modi provident ducimus. Ut hic illo illo.','2015-09-18 03:40:43'),(65,65,65,'Impedit id quis enim officiis voluptatum ipsum ducimus. Rem modi tenetur hic. Sint eaque et impedit eum non et voluptatem. Dolores aliquam commodi recusandae quibusdam est omnis eos.','1970-04-04 15:44:33'),(66,66,66,'Qui delectus sunt est repellendus eos id. Non porro et quo necessitatibus. Corporis perspiciatis provident corrupti quibusdam.','2011-12-01 16:59:33'),(67,67,67,'Iure sed autem molestias dolorem quis ea vero. Modi repellendus laudantium rerum ratione totam. Distinctio illo dignissimos molestiae exercitationem recusandae atque. Qui aliquam eos veritatis earum dolores sit et.','1972-11-23 10:14:56'),(68,68,68,'Eaque quia fuga eum. Doloremque iste maxime exercitationem dolorem cum.','1989-09-19 20:54:19'),(69,69,69,'Corporis nemo consequuntur et eaque asperiores odit. Voluptas rerum occaecati non sit ut aut omnis est. Cum libero rerum dicta vel illo assumenda eos. Reiciendis qui voluptatibus ut sint repellendus dolorem.','1990-04-08 14:03:42'),(70,70,70,'Libero et et rem ex possimus. Perferendis rerum est rerum asperiores eum. Omnis est omnis tempore sunt quis. Enim ullam ipsam illum et et mollitia.','1981-12-14 02:54:46'),(71,71,71,'Ratione vero consequatur adipisci accusamus. Et autem voluptas minima consectetur. Corporis explicabo in ipsum aut.','2021-02-07 09:22:53'),(72,72,72,'Dolores tempore aut voluptatibus hic mollitia optio soluta. Optio minima quisquam dolor nulla. Adipisci laborum velit quo totam quia.','1996-11-22 20:13:45'),(73,73,73,'Quis dolorem debitis eos ab dolorum sit perspiciatis sapiente. Omnis deleniti sed perferendis aut qui. In provident deserunt nulla et rerum repellendus dolores. Quibusdam voluptas quia qui dignissimos suscipit nihil illum.','2009-08-30 22:05:57'),(74,74,74,'Repudiandae tempora recusandae nulla sapiente repudiandae perferendis vel. Error saepe beatae ipsam animi esse molestiae assumenda. Enim aut et velit repudiandae eligendi.','1995-02-14 18:03:11'),(75,75,75,'Fugiat ipsum architecto qui aut autem. Vel facere optio praesentium magnam. Corporis ratione omnis optio quia sed et rerum. Voluptates consequuntur et optio aliquam quas neque sunt.','1991-05-10 00:58:00'),(76,76,76,'Nihil alias libero perspiciatis autem consequatur quis. Modi voluptatum quos fugiat perferendis quasi quia. Porro qui quisquam commodi hic accusantium quia. Maiores et ducimus tenetur.','1970-04-25 14:06:30'),(77,77,77,'In necessitatibus autem laborum modi. Ea non repellat qui ratione. Quisquam nam quos quaerat doloribus non.','1980-11-13 01:14:30'),(78,78,78,'Officiis quis adipisci iusto ut esse repudiandae vel. Quia laboriosam molestiae sed iste occaecati. Cupiditate quod in enim. Corporis non adipisci cum est ullam perferendis quisquam.','1993-10-06 14:35:06'),(79,79,79,'Repellat ea et dicta rem sunt mollitia. Cum sit ut id aut quod quasi vel. Et repellat rerum voluptate ut sed deserunt cupiditate.','1986-02-20 05:14:46'),(80,80,80,'Voluptatibus ex nulla rerum quidem similique. Et aliquam quia dolorem illo. Eaque est dolore non est consequatur expedita. Blanditiis molestiae est adipisci laborum consequatur.','1982-10-23 10:14:49'),(81,81,81,'Quae laboriosam autem rem autem quae. Iste sit corrupti consectetur recusandae eligendi est. Sequi quidem placeat dolores sed. Ut nostrum veniam sit ut asperiores explicabo nobis.','2016-01-04 05:59:57'),(82,82,82,'Aut eveniet incidunt aut est vero atque iste. Neque nobis qui accusamus et a et dolores. Exercitationem omnis dolores a. Perspiciatis velit aut consequuntur sed quia qui tempore at.','1981-06-19 01:21:14'),(83,83,83,'Eos beatae quidem officiis eius rerum incidunt. Consequatur enim repudiandae autem non. Saepe expedita voluptatem voluptatum reprehenderit et.','1992-12-09 21:56:57'),(84,84,84,'Mollitia iste est illo beatae quidem repellat eligendi quis. Veniam et molestiae beatae. Officia vel magnam voluptas rerum et illum corrupti ipsa.','2016-03-31 22:05:28'),(85,85,85,'Voluptate aspernatur illum consectetur sed architecto et dolorem. Consectetur accusamus aliquid qui est in. Quod et id facilis laborum.','2016-05-28 17:30:27'),(86,86,86,'Beatae alias sed in a voluptas. Tempora deserunt qui delectus. Sunt quasi quibusdam dolorum rem ut sed.','2001-04-17 03:41:55'),(87,87,87,'Ut ad sunt dicta maxime. Temporibus consequatur ratione sed est. Veritatis molestias provident tenetur sed aut ut. Quo aliquid nisi magnam culpa nostrum maxime aut.','2015-06-27 15:01:24'),(88,88,88,'Eius repudiandae praesentium quia laboriosam enim et exercitationem deserunt. Et maxime possimus inventore et a maiores. Voluptatem aut ducimus neque nulla nostrum eius.','1970-02-17 14:02:03'),(89,89,89,'Odit sunt et tenetur fugit ea iste eos. Rerum sint velit omnis architecto dolore quia praesentium. Repudiandae dolore earum quos est voluptatibus.','2013-10-17 06:17:16'),(90,90,90,'A vel blanditiis distinctio iure vero molestiae voluptatibus. Dolor et sit molestiae qui. At omnis sed est non. Quidem aut asperiores tenetur molestiae nihil dolores quia.','1985-06-28 16:01:43'),(91,91,91,'Ex consectetur aut expedita debitis qui aut nemo. Dolorum et provident vel voluptatem animi recusandae. Culpa vel porro harum beatae.','1990-04-03 10:48:53'),(92,92,92,'In ducimus doloribus saepe voluptatem sit et eaque. Quo magnam occaecati quo harum deserunt aliquid quia aut. Nostrum modi eum sed et blanditiis eum. Quidem quisquam laboriosam eveniet voluptas.','2022-01-15 05:30:11'),(93,93,93,'Nisi accusamus atque omnis aperiam et tenetur hic. Cupiditate quae harum sed et minus. Explicabo doloribus aut placeat ad. Aperiam officiis et voluptatem dolorum cupiditate.','2018-08-05 19:21:50'),(94,94,94,'Placeat nemo repudiandae nihil ipsam rerum. Modi est similique dolorum distinctio. Reprehenderit fugit modi unde necessitatibus consectetur illo eaque. Aut enim soluta id sit.','1988-02-28 07:17:19'),(95,95,95,'Ut et qui rerum culpa. Suscipit velit necessitatibus quia consequatur. Illo at ipsa voluptates ab qui facilis est. Aut rerum optio non. Impedit minima beatae quo et beatae omnis.','2012-07-19 10:56:17'),(96,96,96,'Ut itaque labore omnis culpa aut sit quia tempora. Aut saepe ratione a quod ut voluptatum alias rerum. Nostrum architecto saepe neque asperiores.','1999-04-28 10:21:46'),(97,97,97,'Eos quasi similique ea aut. Fugiat aspernatur quidem porro non voluptate rem dolore nisi.','2020-03-12 08:33:41'),(98,98,98,'Occaecati facere assumenda suscipit enim. Ut velit sint autem. Et porro perferendis sit aut sed unde. Nihil dicta quibusdam et qui non reiciendis.','1976-01-15 17:32:28'),(99,99,99,'Iure eveniet magnam sint aut eos. Omnis labore laboriosam earum consequuntur. Nam dolorem eaque voluptates perferendis eos autem nihil possimus.','1976-03-19 02:05:12'),(100,100,100,'Voluptas consectetur corrupti nemo et non eum. Ad rem delectus provident architecto possimus ut. Nemo temporibus ea optio blanditiis adipisci dolore nulla. Magni nihil culpa praesentium et dolore et debitis minus.','2009-05-02 07:11:25');
/*!40000 ALTER TABLE `messages` ENABLE KEYS */;
UNLOCK TABLES;

--
-- Table structure for table `profiles`
--

DROP TABLE IF EXISTS `profiles`;
/*!40101 SET @saved_cs_client     = @@character_set_client */;
/*!40101 SET character_set_client = utf8 */;
CREATE TABLE `profiles` (
  `user_id` bigint(20) unsigned NOT NULL,
  `sex` char(1) COLLATE utf8mb4_unicode_ci DEFAULT NULL,
  `town` varchar(100) COLLATE utf8mb4_unicode_ci DEFAULT NULL,
  `created_at` datetime DEFAULT current_timestamp(),
  PRIMARY KEY (`user_id`),
  CONSTRAINT `fk_profiles_user_id` FOREIGN KEY (`user_id`) REFERENCES `users` (`id`)
) ENGINE=InnoDB DEFAULT CHARSET=utf8mb4 COLLATE=utf8mb4_unicode_ci;
/*!40101 SET character_set_client = @saved_cs_client */;

--
-- Dumping data for table `profiles`
--

LOCK TABLES `profiles` WRITE;
/*!40000 ALTER TABLE `profiles` DISABLE KEYS */;
INSERT INTO `profiles` VALUES (1,'m','East','2010-06-17 17:27:14'),(2,'m','South','2004-07-03 15:18:56'),(3,'f','New','2008-03-07 06:29:57'),(4,'f','New','2022-04-07 10:44:35'),(5,'f','East','2004-10-23 22:13:27'),(6,'m','East','1990-01-15 23:55:36'),(7,'m','West','2005-03-15 02:23:31'),(8,'f','Port','1993-12-10 16:33:41'),(9,'f','Lake','1997-05-21 08:49:52'),(10,'m','South','1987-04-27 16:07:38'),(11,'f','New','1987-03-25 07:05:16'),(12,'m','East','1992-11-28 06:41:52'),(13,'m','New','1985-12-09 22:54:56'),(14,'m','New','2007-08-01 12:36:13'),(15,'f','Lake','2007-07-20 20:38:17'),(16,'m','South','1986-11-20 12:02:19'),(17,'f','New','2000-07-26 12:26:54'),(18,'m','South','2002-02-03 21:02:04'),(19,'f','West','2010-06-05 13:03:00'),(20,'f','New','1979-08-18 01:52:08'),(21,'m','North','1970-05-26 17:48:22'),(22,'f','West','1979-03-21 02:49:15'),(23,'m','South','1979-01-09 05:37:57'),(24,'m','North','2002-04-08 09:19:23'),(25,'m','South','1981-06-14 00:33:25'),(26,'m','West','1980-08-04 23:40:50'),(27,'m','East','1999-09-09 14:44:33'),(28,'m','East','1987-01-21 06:27:15'),(29,'f','Port','2019-07-14 23:19:20'),(30,'m','South','2010-02-23 01:45:02'),(31,'m','New','2002-04-07 20:26:37'),(32,'m','New','1971-08-24 15:47:02'),(33,'f','Lake','2018-10-17 03:05:50'),(34,'f','West','2011-11-03 19:31:00'),(35,'f','West','1971-01-08 19:32:21'),(36,'f','Port','1977-10-28 14:49:56'),(37,'f','West','1970-01-30 08:33:19'),(38,'f','West','1981-03-23 10:07:04'),(39,'f','Port','2019-11-14 18:47:51'),(40,'f','South','1988-03-20 20:52:36'),(41,'m','Port','2005-12-31 01:28:30'),(42,'f','Lake','2014-05-29 15:10:50'),(43,'m','Port','1976-11-04 11:54:50'),(44,'f','South','2002-04-02 09:51:18'),(45,'f','New','1995-08-31 07:00:08'),(46,'f','East','2004-02-23 19:54:50'),(47,'m','Lake','1979-06-01 15:15:30'),(48,'f','North','1973-02-05 22:41:56'),(49,'f','New','2018-11-04 15:47:25'),(50,'f','North','1983-09-12 02:59:08'),(51,'m','North','1980-01-09 11:24:03'),(52,'m','Port','1980-10-05 15:51:43'),(53,'f','East','2016-03-08 00:42:46'),(54,'f','New','2003-08-28 03:41:09'),(55,'m','North','2013-09-02 13:52:36'),(56,'m','East','1977-08-18 01:00:11'),(57,'m','New','2005-11-13 02:49:31'),(58,'f','East','2017-06-01 03:23:17'),(59,'m','East','2003-08-06 03:51:32'),(60,'f','West','2013-03-08 10:46:37'),(61,'m','West','1980-06-26 08:38:51'),(62,'f','West','2022-06-30 18:46:21'),(63,'f','West','2011-04-22 04:22:07'),(64,'f','South','2014-12-03 03:56:27'),(65,'f','Lake','1983-05-08 06:20:39'),(66,'f','New','1998-09-15 05:48:48'),(67,'m','North','2006-06-21 18:26:41'),(68,'m','South','1982-12-23 08:37:03'),(69,'f','North','1972-01-18 10:26:39'),(70,'f','New','1977-04-08 01:21:25'),(71,'f','New','1970-01-25 15:01:42'),(72,'f','West','2006-10-10 09:04:55'),(73,'m','East','2010-10-19 09:31:36'),(74,'m','East','2002-11-29 00:33:25'),(75,'m','Port','1970-06-08 15:07:14'),(76,'f','North','2009-04-17 19:58:00'),(77,'m','South','2009-05-06 05:17:33'),(78,'m','Port','1999-06-22 13:22:36'),(79,'f','Lake','2010-07-14 15:09:43'),(80,'m','Port','1971-12-31 13:01:03'),(81,'m','West','2008-10-17 14:55:04'),(82,'f','North','1985-03-29 11:09:14'),(83,'m','North','2019-09-08 22:20:04'),(84,'f','West','2016-10-18 07:43:03'),(85,'m','Port','1979-02-18 18:19:51'),(86,'f','South','2000-10-06 03:33:50'),(87,'f','East','1995-01-30 16:00:20'),(88,'m','New','2003-03-27 19:11:36'),(89,'f','East','1989-01-22 01:47:13'),(90,'f','West','1973-12-27 17:07:33'),(91,'f','East','2015-08-14 16:32:45'),(92,'m','North','2006-08-31 23:10:12'),(93,'m','West','2009-11-03 09:33:33'),(94,'f','East','1989-11-21 08:04:21'),(95,'f','Port','2002-05-30 11:11:08'),(96,'m','Lake','2001-06-13 22:57:01'),(97,'m','Port','1979-07-01 05:24:32'),(98,'m','South','2020-04-01 00:34:37'),(99,'m','Lake','2018-01-03 07:20:22'),(100,'f','Port','2002-12-15 07:30:19');
/*!40000 ALTER TABLE `profiles` ENABLE KEYS */;
UNLOCK TABLES;

--
-- Table structure for table `stickerpacks`
--

DROP TABLE IF EXISTS `stickerpacks`;
/*!40101 SET @saved_cs_client     = @@character_set_client */;
/*!40101 SET character_set_client = utf8 */;
CREATE TABLE `stickerpacks` (
  `id` bigint(20) unsigned NOT NULL AUTO_INCREMENT,
  `name` varchar(255) COLLATE utf8mb4_unicode_ci DEFAULT NULL,
  `author_id` bigint(20) unsigned NOT NULL,
  `price` tinyint(4) DEFAULT NULL,
  `descrption` varchar(255) COLLATE utf8mb4_unicode_ci DEFAULT NULL,
  `created_at` date DEFAULT NULL,
  UNIQUE KEY `id` (`id`),
  KEY `name` (`name`),
  KEY `author_id` (`author_id`),
  CONSTRAINT `stickerpacks_ibfk_1` FOREIGN KEY (`author_id`) REFERENCES `users` (`id`)
) ENGINE=InnoDB AUTO_INCREMENT=101 DEFAULT CHARSET=utf8mb4 COLLATE=utf8mb4_unicode_ci;
/*!40101 SET character_set_client = @saved_cs_client */;

--
-- Dumping data for table `stickerpacks`
--

LOCK TABLES `stickerpacks` WRITE;
/*!40000 ALTER TABLE `stickerpacks` DISABLE KEYS */;
INSERT INTO `stickerpacks` VALUES (1,'english-thought-alice-only-as-its-asleep-i-suppose-youll-be-telling-me-next-that-you-werent-to-talk-nonsense-the-queens-argument-was-that-her-shoulders-were-nowhere-to-be-sure-however',1,127,NULL,'2022-07-07'),(2,'however-on-the-top-with-its-eyelids-so-he-did-said-the-caterpillar-not-quite-right-im-afraid-said-alice-rather-doubtfully-as-she-had-plenty-of-time-as-she-had-never-done-such-a-thing',2,127,NULL,'2016-06-11'),(3,'alice-noticed-had-powdered-hair-that-curled-all-over-crumbs-youre-wrong-about-the-games-now-chapter-x-the-lobster-quadrille-the-mock-turtle-went-on-turning-to-the-jury-they-were-indeed-a',3,127,NULL,'2020-03-19'),(4,'tears-curiouser-and-curiouser-cried-alice-again-for-she-had-asked-it-aloud-and-in-his-sleep-that-i-like-what-i-should-understand-that-better-alice-said-very-humbly-i-wont-interrupt',4,127,NULL,'1993-03-27'),(5,'mock-turtle-interrupted-if-you-dont-know-of-any-one-so-when-the-race-was-over-alice-was-more-hopeless-than-ever-she-sat-down-at-once-she-found-herself-at-last-the-dodo-in-an-angry-voice-the',5,127,NULL,'1976-08-16'),(6,'duchess-asked-with-another-hedgehog-which-seemed-to-think-about-it-you-know-what-did-they-draw-said-alice-and-sighing-it-is-a-long-way-back-and-see-how-he-did-it-he-did-it-he-did',6,82,NULL,'1974-06-13'),(7,'alice-in-a-game-of-croquet-she-was-going-to-dive-in-among-the-branches-and-every-now-and-then-they-both-cried-wake-up-dormouse-and-they-pinched-it-on-both-sides-at-once-the-dormouse-again',7,127,NULL,'1987-01-11'),(8,'mock-turtle-hold-your-tongue-said-the-knave-i-didnt-mean-it-pleaded-poor-alice-but-youre-so-easily-offended-you-know-the-mouse-looked-at-them-with-one-finger-and-the-panther-were',8,127,NULL,'2003-04-21'),(9,'alice-remarked-oh-you-foolish-alice-she-answered-herself-how-can-you-learn-lessons-in-the-other-i-beg-pardon-your-majesty-said-the-white-rabbit-as-he-said-to-alice-and-sighing-it-is-a',9,0,NULL,'1983-01-07'),(10,'the-mouse-did-not-quite-know-what-it-means-i-know-something-interesting-is-sure-to-do-it-and-as-you-liked-is-that-the-hedgehog-had-unrolled-itself-and-began-singing-in-its-sleep',10,127,NULL,'2010-02-04'),(11,'mock-turtle-sang-this-very-slowly-and-sadly-will-you-walk-a-little-glass-table-now-ill-manage-better-this-time-she-said-to-alice-that-she-ran-out-of-this-elegant-thimble-and-when-it',11,127,NULL,'1979-12-03'),(12,'the-queen-had-ordered-they-very-soon-came-to-me-and-told-me-he-was-speaking-so-that-by-the-time-they-were-mine-before-if-i-or-she-should-chance-to-be-nothing-but-the-rabbit-angrily-here-come',12,127,NULL,'2002-09-16'),(13,'king-that-only-makes-the-world-you-fly-like-a-tea-tray-in-the-face-ill-put-a-white-one-in-by-mistake-and-if-it-wasnt-trouble-enough-hatching-the-eggs-said-the-march-hare-it-was-a-large',13,127,NULL,'1983-01-16'),(14,'march-hare-who-had-got-so-close-to-her-great-disappointment-it-was-talking-in-his-note-book-cackled-out-silence-and-read-as-follows-the-queen-of-hearts-were-seated-on-their-hands-and-feet',14,127,NULL,'1998-10-28'),(15,'duchess-and-thats-why-pig-she-said-the-cat-as-soon-as-she-could-and-waited-to-see-if-she-had-but-to-her-usual-height-it-was-high-time-to-be-no-chance-of-her-skirt-upsetting-all-the-time',15,0,NULL,'2020-04-24'),(16,'dormouse-fourteenth-of-march-i-think-that-very-few-things-indeed-were-really-impossible-there-seemed-to-have-changed-since-her-swim-in-the-last-time-she-found-a-little-ledge-of-rock-and-as-the',16,127,NULL,'2001-05-21'),(17,'alice-looked-all-round-her-at-the-bottom-of-the-deepest-contempt-ive-seen-a-good-way-off-and-found-herself-at-last-she-stretched-her-arms-round-it-as-a-lark-and-will-talk-in-contemptuous-tones',17,127,NULL,'2012-03-05'),(18,'i-eat-or-drink-something-or-other-but-the-cook-had-disappeared-never-mind-said-the-duck-its-generally-a-frog-or-a-worm-the-question-is-what-the-great-question-is-what-the-great',18,127,NULL,'2001-02-28'),(19,'all-the-time-when-she-noticed-a-curious-croquet-ground-in-her-lessons-in-here-why-theres-hardly-enough-of-me-left-to-make-the-arches-the-chief-difficulty-alice-found-at-first-was-in-a-sorrowful',19,127,NULL,'2008-11-02'),(20,'alice-said-nothing-she-had-this-fit-an-obstacle-that-came-between-him-and-ourselves-and-it-dont-let-him-know-she-liked-them-best-for-this-must-be-off-and-alice-called-after-it-and-the',20,127,NULL,'2007-01-02'),(21,'do-you-think-you-might-like-to-go-near-the-door-and-tried-to-get-her-head-struck-against-the-door-and-tried-to-open-it-but-as-the-game-was-in-managing-her-flamingo-she-succeeded-in-getting-its',21,127,NULL,'2014-12-27'),(22,'im-not-myself-you-see-i-dont-think-then-you-keep-moving-round-i-suppose-yes-said-alice-indignantly-ah-then-yours-wasnt-a-really-good-school-said-the-pigeon-the-opportunity-of',22,127,NULL,'1980-10-24'),(23,'i-think-she-was-so-ordered-about-in-the-middle-being-held-up-by-two-guinea-pigs-who-were-lying-round-the-court-and-got-behind-alice-as-he-spoke-unimportant-of-course-to-begin-with-a',23,127,NULL,'1987-12-14'),(24,'queen-their-heads-are-gone-if-it-had-lost-something-and-she-heard-a-little-timidly-but-its-no-use-denying-it-i-suppose-i-ought-to-tell-you-all-i-know-i-do-said-alice-loudly-the-idea-of',24,127,NULL,'2005-11-14'),(25,'mock-turtle-and-said-thats-very-curious-she-thought-but-everythings-curious-today-i-think-i-must-have-a-prize-herself-you-know-said-alice-in-a-soothing-tone-dont-be-angry-about-it',25,0,NULL,'1995-03-28'),(26,'alice-whispered-that-its-done-by-everybody-minding-their-own-business-the-duchess-by-this-time-youre-nothing-but-the-gryphon-replied-very-gravely-what-else-have-you-executed-the',26,127,NULL,'1970-03-27'),(27,'go-on-im-a-poor-man-your-majesty-said-the-king-with-an-m-said-alice-why-it-does-the-boots-and-shoes-the-gryphon-as-if-a-dish-or-kettle-had-been-all-the-jelly-fish-out-of-this-was',27,127,NULL,'1970-12-05'),(28,'would-always-get-into-the-garden-door-poor-alice-it-was-so-much-about-a-thousand-times-as-large-as-the-march-hare-went-sh-sh-and-the-baby-the-fire-irons-came-first-then-followed-a-shower-of',28,127,NULL,'1979-10-12'),(29,'i-wonder-what-theyll-do-well-enough-dont-be-nervous-or-ill-kick-you-down-stairs-that-is-not-said-right-said-the-hatter-it-woke-up-again-with-a-sudden-burst-of-tears-but-said-nothing',29,127,NULL,'1973-05-15'),(30,'mock-turtle-said-im-too-stiff-and-the-gryphon-never-learnt-it-hadnt-time-said-the-march-hare-interrupted-in-a-great-thistle-to-keep-back-the-wandering-hair-that-curled-all-over-with',30,127,NULL,'2001-06-05'),(31,'alice-and-after-glaring-at-her-for-a-minute-nurse-but-ive-got-to-do-said-alice-indignantly-let-me-alone-serpent-i-say-again-repeated-the-pigeon-but-in-a-coaxing-tone-and-she-had',31,127,NULL,'2004-08-29'),(32,'the-judge-by-the-fire-licking-her-paws-and-washing-her-face-and-she-is-of-mine-the-less-there-is-of-finding-morals-in-things-alice-began-to-get-out-at-the-bottom-of-a-muchness-did-you-ever',32,127,NULL,'2018-03-15'),(33,'the-king-and-queen-of-hearts-alice-was-more-hopeless-than-ever-she-sat-still-and-said-to-herself-and-fanned-herself-with-one-finger-pressed-upon-its-nose-the-dormouse-shook-its-head-impatiently',33,127,NULL,'1980-10-31'),(34,'footman-went-on-in-a-minute-alice-began-telling-them-her-adventures-from-the-trees-upon-her-face-very-said-alice-allow-me-to-him-she-gave-me-a-good-deal-on-where-you-want-to-stay-with-it-as',34,127,NULL,'1992-05-19'),(35,'i-cant-be-mabel-for-i-know-i-do-said-alice-indignantly-ah-then-yours-wasnt-a-really-good-school-said-the-gryphon-and-it-set-to-work-nibbling-at-the-queen-who-was-sitting-on-the-song-she',35,127,NULL,'1982-01-31'),(36,'im-never-sure-what-im-going-to-happen-next-its-its-a-very-truthful-child-but-little-girls-in-my-life-she-had-quite-a-conversation-of-it-now-in-sight-hurrying-down-it-there-could-be-no',36,127,NULL,'1973-08-04'),(37,'alice-shall-i-never-get-any-older-than-you-and-dont-speak-a-word-till-ive-finished-so-they-sat-down-and-was-just-in-time-to-be-true-if-she-should-chance-to-be-talking-in-his-note-book',37,127,NULL,'1998-06-20'),(38,'the-table-was-a-long-tail-certainly-said-alice-she-had-kept-a-piece-of-bread-and-butter-in-the-book-said-the-hatter-you-might-just-as-she-fell-past-it-well-thought-alice-without',38,127,NULL,'2015-04-11'),(39,'alice-gently-remarked-theyd-have-been-changed-for-mabel-ill-try-and-say-who-am-i-to-do-said-alice-why-she-said-the-caterpillar-sternly-explain-yourself-i-cant-remember-half-of',39,127,NULL,'2010-05-16'),(40,'do-come-back-and-see-that-the-pebbles-were-all-crowded-round-it-panting-and-asking-but-who-is-to-find-it-out-we-should-all-have-our-heads-cut-off-you-know-come-on-everybody-says-come-on',40,127,NULL,'1988-03-15'),(41,'sit-down-the-king-said-turning-to-alice-they-all-crowded-together-at-one-corner-of-it-no-room-no-room-they-cried-out-when-they-arrived-with-a-round-face-and-large-eyes-like-a-snout-than-a',41,127,NULL,'2004-11-14'),(42,'and-with-that-she-knew-the-right-way-to-change-the-subject-go-on-with-the-other-side-of-what-thought-alice-only-as-its-asleep-i-suppose-youll-be-asleep-again-before-its-done-once-upon',42,127,NULL,'1992-06-02'),(43,'i-fell-off-the-subjects-on-his-slate-with-one-eye-but-to-her-in-the-last-time-she-had-found-the-fan-and-gloves-that-is-if-i-know-who-i-was-when-i-breathe-it-is-the-use-of-this-pool-i-am-now',43,127,NULL,'1991-12-29'),(44,'king-rubbing-his-hands-so-now-let-the-jury-if-any-one-of-the-month-is-it-the-gryphon-sat-up-and-walking-off-to-other-parts-of-the-month-and-doesnt-tell-what-oclock-it-is-as-she-said',44,127,NULL,'2014-03-11'),(45,'alice-did-not-like-to-go-on-and-so-these-three-little-sisters-they-were-learning-to-draw-you-know-but-it-goes-on-they-all-returned-from-him-to-you-said-alice-why-it-does-the-boots',45,127,NULL,'2005-08-24'),(46,'you-manage-alice-asked-the-hatter-was-the-rabbit-noticed-alice-as-she-could-no-said-alice-why-you-dont-even-know-what-to-do-and-perhaps-after-all-it-might-injure-the-brain-but-now',46,127,NULL,'1994-02-25'),(47,'after-these-came-the-guests-mostly-kings-and-queens-and-among-them-alice-recognised-the-white-rabbit-and-thats-why-pig-she-said-this-she-looked-down-at-them-and-just-as-she-remembered-the',47,127,NULL,'2019-07-21'),(48,'english-now-im-opening-out-like-the-look-of-the-door-and-found-that-it-might-not-escape-again-and-made-believe-to-worry-it-then-alice-dodged-behind-a-great-hurry-this-paper-has-just-been',48,127,NULL,'1973-02-20'),(49,'there-was-certainly-too-much-overcome-to-do-it-oh-dear-id-nearly-forgotten-to-ask-it-turned-into-a-tree-did-you-say-what-a-pity-the-rabbit-began-alice-gave-a-sudden-burst-of-tears',49,127,NULL,'1991-03-04'),(50,'white-rabbit-she-was-moving-them-about-as-she-did-not-at-all-anxious-to-have-wondered-at-this-but-at-the-top-with-its-arms-and-frowning-at-the-thought-that-she-tipped-over-the-list-feeling-very',50,127,NULL,'1982-11-20'),(51,'only-i-dont-know-he-went-on-spreading-out-the-words-wheres-the-other-two-were-using-it-as-to-go-down-the-chimney-nay-i-shant-you-do-it-that-i-wont-then-bills-to-go-on-and-so',51,127,NULL,'1987-11-04'),(52,'alice-for-protection-you-shant-be-able-i-shall-ever-see-you-again-you-dear-old-thing-said-the-mouse-turning-to-alice-an-excellent-opportunity-for-repeating-his-remark-with-variations-i',52,127,NULL,'2018-04-22'),(53,'the-question-is-what-the-great-question-is-what-did-the-dormouse-fell-asleep-instantly-and-alice-called-after-her-ive-something-important-to-say-this-sounded-promising-certainly-alice',53,127,NULL,'1984-04-06'),(54,'that-direction-the-cat-again-sitting-on-a-bough-of-a-muchness-did-you-ever-eat-a-bat-when-suddenly-thump-thump-down-she-came-upon-a-little-of-it-said-the-mock-turtle-recovered-his-voice',54,127,NULL,'2000-04-19'),(55,'let-me-see-ill-give-them-a-new-pair-of-white-kid-gloves-and-she-looked-at-it-gloomily-then-he-dipped-it-into-one-of-the-lizards-slate-pencil-and-the-queen-to-play-croquet-the-frog-footman',55,111,NULL,'1983-04-09'),(56,'alice-quite-jumped-but-she-gained-courage-as-she-stood-still-where-she-was-peering-about-anxiously-among-the-branches-and-every-now-and-then-ill-tell-you-what-year-it-is-of-course-it-was',56,127,NULL,'2022-12-02'),(57,'king-that-saves-a-world-of-trouble-you-know-upon-the-other-side-of-what-thought-alice-i-must-be-getting-somewhere-near-the-door-she-found-to-be-two-people-why-theres-hardly-enough-of-me',57,127,NULL,'1991-10-28'),(58,'alices-elbow-was-pressed-so-closely-against-her-foot-that-there-was-mouth-enough-for-it-to-make-some-change-in-my-life-she-had-quite-forgotten-the-words-so-they-couldnt-see-it-so-she-set',58,0,NULL,'1983-09-04'),(59,'puss-she-began-rather-timidly-as-she-had-been-to-a-mouse-she-had-expected-before-she-came-suddenly-upon-an-open-place-with-a-growl-and-concluded-the-banquet-what-is-the-same-when-i-was',59,127,NULL,'1973-09-14'),(60,'dodo-managed-it-first-it-marked-out-a-box-of-comfits-luckily-the-salt-water-had-not-the-right-thing-to-get-out-of-the-ground-and-i-should-think-youll-feel-it-a-little-feeble-squeaking-voice',60,127,NULL,'1980-07-02'),(61,'march-hare-he-denies-it-said-alice-who-was-talking-how-can-i-have-ordered-and-she-put-them-into-a-pig-and-she-ran-across-the-field-after-it-never-once-considering-how-in-the-sea-the',61,127,NULL,'2019-10-27'),(62,'luckily-for-alice-the-little-crocodile-improve-his-shining-tail-and-pour-the-waters-of-the-sort-next-came-the-guests-mostly-kings-and-queens-and-among-them-alice-recognised-the-white-rabbit-was',62,127,NULL,'1976-05-12'),(63,'alice-and-why-it-is-all-the-arches-are-gone-from-this-morning-said-alice-doubtfully-it-means-to-make-anything-prettier-well-then-the-cat-in-a-long-low-hall-which-was-immediately',63,127,NULL,'1980-06-26'),(64,'ill-manage-better-this-time-she-said-and-see-whether-its-marked-poison-or-not-for-she-felt-sure-it-would-not-join-the-dance-thank-you-its-a-french-mouse-come-over-with-diamonds-and',64,127,NULL,'2008-10-02'),(65,'alas-it-was-the-matter-on-what-would-become-of-you-i-gave-her-answer-theyre-done-with-blacking-i-believe-boots-and-shoes-under-the-hedge-in-another-minute-the-whole-head-appeared-and',65,127,NULL,'2015-09-01'),(66,'all-this-time-the-mouse-was-bristling-all-over-and-both-footmen-alice-noticed-had-powdered-hair-that-curled-all-over-their-heads-she-felt-very-glad-to-find-that-she-had-nibbled-some-more-tea',66,127,NULL,'2018-05-11'),(67,'king-leave-out-that-one-of-the-jurymen-no-theyre-not-said-the-king-here-one-of-the-baby-it-was-getting-quite-crowded-with-the-words-drink-me-but-nevertheless-she-uncorked-it-and-put',67,127,NULL,'2007-04-22'),(68,'alice-thought-to-herself-of-the-mushroom-said-the-hatter-alice-felt-so-desperate-that-she-was-considering-in-her-life-it-was-very-glad-to-do-this-so-that-they-would-call-after-her-the-last',68,127,NULL,'1991-11-22'),(69,'however-she-did-not-like-the-right-way-to-change-the-subject-ten-hours-the-first-day-said-the-caterpillar-just-as-usual-i-wonder-who-will-put-on-one-of-them-were-animals-and-some-of-them',69,127,NULL,'1981-11-06'),(70,'alice-and-perhaps-you-havent-found-it-made-no-mark-but-he-would-not-allow-without-knowing-how-old-it-was-and-as-they-would-call-after-her-the-last-time-she-had-accidentally-upset-the-week',70,127,NULL,'2010-10-07'),(71,'and-the-executioner-myself-said-the-sage-as-he-wore-his-crown-over-the-fire-licking-her-paws-and-washing-her-face-and-she-is-only-a-pack-of-cards-at-this-moment-alice-appeared-she-was',71,1,NULL,'1994-07-31'),(72,'they-were-indeed-a-queer-looking-party-that-assembled-on-the-floor-in-another-minute-the-whole-head-appeared-and-then-raised-himself-upon-tiptoe-put-his-mouth-close-to-her-though-as-they-used',72,127,NULL,'2003-06-03'),(73,'mock-turtle-and-how-do-you-know-what-to-say-it-over-yes-thats-about-the-games-now-chapter-x-the-lobster-quadrille-the-mock-turtle-would-be-quite-as-much-as-she-listened-or-seemed-to-be',73,127,NULL,'1974-01-16'),(74,'alice-well-then-the-cat-went-on-taking-first-one-side-and-then-she-remembered-how-small-she-was-now-the-right-way-of-expressing-yourself-the-baby-grunted-again-and-looking-at-everything',74,127,NULL,'1997-10-13'),(75,'caterpillar-called-after-it-and-as-it-could-go-and-broke-to-pieces-against-one-of-them-were-animals-and-some-were-birds-i-suppose-they-are-the-jurors-she-said-the-march-hare-said-i',75,127,NULL,'2019-05-07'),(76,'bill-i-wouldnt-be-in-a-large-pigeon-had-flown-into-her-face-wake-up-dormouse-and-they-pinched-it-on-both-sides-at-once-give-your-evidence-said-the-young-man-said-and-your-hair-has',76,127,NULL,'2002-05-07'),(77,'but-her-sister-kissed-her-and-said-very-gravely-i-think-you-ought-to-be-patted-on-the-floor-in-another-moment-down-went-alice-after-it-never-once-considering-how-in-the-kitchen-that-did-not',77,127,NULL,'1976-01-08'),(78,'i-think-youd-better-ask-her-about-it-the-jury-all-looked-puzzled-he-must-have-been-was-not-a-bit-hurt-and-she-walked-on-in-the-distance-screaming-with-passion-she-had-quite-forgotten-the',78,127,NULL,'2012-05-29'),(79,'and-itll-fetch-things-when-you-have-of-putting-things-its-a-mineral-i-think-said-alice-then-you-keep-moving-round-i-suppose-said-alice-exactly-so-said-the-king-with-an-m-said',79,50,NULL,'1976-11-24'),(80,'id-been-the-right-size-again-and-the-other-arm-curled-round-her-once-more-while-the-mouse-only-shook-its-head-impatiently-and-walked-a-little-shaking-among-the-branches-and-every-now-and-then',80,127,NULL,'1974-06-16'),(81,'hatter-so-i-cant-quite-follow-it-as-to-bring-but-one-bills-got-the-other-bill-fetch-it-here-lad-here-put-em-up-at-the-bottom-of-a-tree-by-the-time-they-were-trying-to-make-personal',81,127,NULL,'1974-03-02'),(82,'this-answer-so-confused-poor-alice-that-she-tipped-over-the-verses-on-his-spectacles-where-shall-i-begin-please-your-majesty-he-began-for-bringing-these-in-but-i-think-i-can-kick-a-little',82,127,NULL,'1990-01-10'),(83,'dont-let-me-hear-the-rabbit-angrily-here-come-and-help-me-out-of-the-wood-she-considered-him-to-you-though-they-were-filled-with-tears-running-down-his-brush-and-had-to-ask-help-of-any-that',83,127,NULL,'1977-10-26'),(84,'i-will-just-explain-to-you-how-it-was-all-about-and-make-their-eyes-bright-and-eager-with-many-a-strange-tale-perhaps-even-with-the-dream-of-wonderland-of-long-ago-and-how-she-would-feel-very',84,127,NULL,'1973-12-12'),(85,'half-past-one-time-for-dinner-i-only-wish-they-would-go-with-the-words-drink-me-but-nevertheless-she-uncorked-it-and-put-it-to-the-law-and-argued-each-case-with-mine-said-the-king',85,127,NULL,'1990-10-12'),(86,'more-than-nothing-nobody-asked-your-opinion-said-alice-why-it-does-the-boots-and-shoes-the-gryphon-replied-very-readily-but-thats-because-it-stays-the-same-age-as-herself-to-see-a',86,127,NULL,'1976-08-09'),(87,'alice-did-not-get-hold-of-this-pool-i-am-now-thatll-be-a-grin-and-she-sat-on-with-closed-eyes-and-half-of-them-and-it-belongs-to-a-mouse-she-had-got-its-neck-nicely-straightened-out-and-was',87,127,NULL,'2019-03-18'),(88,'not-marked-poison-it-is-right-in-my-youth-said-the-mouse-of-course-the-gryphon-remarked-because-they-lessen-from-day-to-day-this-was-not-a-mile-high-said-alice-ive-tried-the',88,0,NULL,'1984-06-22'),(89,'it-was-no-doubt-only-alice-did-not-like-the-mock-turtle-no-no-the-adventures-first-said-the-dodo-replied-very-readily-but-thats-because-it-stays-the-same-thing-as-a-cushion-resting-their',89,127,NULL,'2002-01-10'),(90,'dodo-solemnly-presented-the-thimble-saying-we-beg-your-pardon-cried-alice-hastily-afraid-that-she-might-find-another-key-on-it-which-certainly-was-not-a-moment-to-be-full-of-smoke-from-one',90,0,NULL,'2007-10-08'),(91,'they-are-waiting-on-the-floor-as-it-was-empty-she-did-so-and-giving-it-something-out-of-their-wits-so-she-sat-down-again-very-sadly-and-quietly-and-looked-at-alice-and-tried-to-fancy-to',91,127,NULL,'1996-02-22'),(92,'the-first-witness-was-the-only-one-way-of-nursing-it-which-was-to-get-dry-again-they-had-a-very-unpleasant-state-of-mind-she-turned-the-corner-but-the-tops-of-the-lobster-quadrille-the',92,0,NULL,'2004-01-08'),(93,'knave-turn-them-over-the-knave-shook-his-grey-locks-i-kept-all-my-limbs-very-supple-by-the-use-of-a-bottle-they-all-sat-down-a-large-ring-with-the-queen-pointing-to-the-voice-of-the-trees',93,0,NULL,'2004-01-08'),(94,'chapter-x-the-lobster-quadrille-is-no-indeed-said-alice-whos-making-personal-remarks-now-the-hatter-went-on-found-it-advisable-to-go-down-the-chimney-oh-so-bills-got-to-go-down',94,127,NULL,'2017-11-07'),(95,'hatter-nor-i-said-the-mock-turtle-is-its-the-first-minute-or-two-she-made-out-that-it-was-just-possible-it-had-finished-this-short-speech-they-all-quarrel-so-dreadfully-one-cant-hear',95,127,NULL,'1984-01-24'),(96,'the-baby-grunted-again-and-thats-very-like-a-writing-desk-come-we-shall-have-some-fun-now-thought-alice-im-a-im-a-well-what-are-you-and-then-a-row-of-lodging-houses-and-behind',96,127,NULL,'2011-02-28'),(97,'latin-grammar-a-mouse-of-a-mouse-to-a-mouse-a-mouse-o-mouse-the-mouse-gave-a-little-irritated-at-the-thought-that-she-began-looking-at-the-mushroom-she-had-grown-so-large-in-the-world-am',97,127,NULL,'2010-10-31'),(98,'lory-who-at-last-it-sat-down-a-good-deal-worse-off-than-before-as-the-game-was-in-livery-otherwise-judging-by-his-garden-alice-did-not-quite-know-what-to-uglify-is-you-see-because-some-of',98,127,NULL,'1990-03-25'),(99,'duchess-was-sitting-on-the-song-she-kept-fanning-herself-all-the-jurymen-on-to-himself-as-he-wore-his-crown-over-the-verses-to-himself-we-know-it-to-be-true-thats-the-jury-box-thought',99,77,NULL,'2003-06-20'),(100,'king-said-to-herself-his-eyes-are-so-very-much-out-of-this-sounds-of-more-broken-glass-now-tell-me-pat-whats-that-in-the-shade-however-the-moment-how-large-she-had-sat-down-with-wonder',100,127,NULL,'1994-02-18');
/*!40000 ALTER TABLE `stickerpacks` ENABLE KEYS */;
UNLOCK TABLES;

--
-- Table structure for table `users`
--

DROP TABLE IF EXISTS `users`;
/*!40101 SET @saved_cs_client     = @@character_set_client */;
/*!40101 SET character_set_client = utf8 */;
CREATE TABLE `users` (
  `id` bigint(20) unsigned NOT NULL AUTO_INCREMENT,
  `firstname` varchar(50) COLLATE utf8mb4_unicode_ci DEFAULT NULL,
  `lastname` varchar(50) COLLATE utf8mb4_unicode_ci DEFAULT NULL,
  `email` varchar(100) COLLATE utf8mb4_unicode_ci DEFAULT NULL,
  `password_users` varchar(50) COLLATE utf8mb4_unicode_ci DEFAULT NULL,
  `phone` bigint(20) unsigned DEFAULT NULL,
  PRIMARY KEY (`id`),
  UNIQUE KEY `email` (`email`),
  UNIQUE KEY `phone` (`phone`),
  KEY `ind_full_name` (`firstname`,`lastname`)
) ENGINE=InnoDB AUTO_INCREMENT=101 DEFAULT CHARSET=utf8mb4 COLLATE=utf8mb4_unicode_ci;
/*!40101 SET character_set_client = @saved_cs_client */;

--
-- Dumping data for table `users`
--

LOCK TABLES `users` WRITE;
/*!40000 ALTER TABLE `users` DISABLE KEYS */;
INSERT INTO `users` VALUES (1,'Kelly','Schultz','giovani40@example.org','2353db7c2a716031f02e12fe826a4d2ccbc0fdec',9724385769),(2,'Isom','Armstrong','ebony.yost@example.org','0fca18ac8a4f20f361af5a4f37ce9ccc27f86b03',9166852158),(3,'Ottis','Beier','roy.schinner@example.net','2f1ce6550275842e74913ddda38136bdcf0abf3f',9243035992),(4,'Joanne','Wilkinson','fadel.mohamed@example.net','acfbf277e0e629de75cb2a2df96b7c6289497042',9847861716),(5,'Timothy','Ullrich','omohr@example.org','35b654f6815fd0cb0c24945eb2ab429dc6677be6',9712393457),(6,'Deanna','Aufderhar','mccullough.remington@example.org','72e0c3e5b670dbde0f0fb2accd8d78b2810f5e0f',9279349856),(7,'Annalise','Wolff','gwilderman@example.org','45a6bacb75d1c8223f49135831880a4f3c17c51c',9224709263),(8,'Ayla','Walsh','malinda.will@example.org','5cd993196ed58baaf60dd479c2c3c37f767a4efa',9207967651),(9,'Marina','Mohr','shintz@example.com','d08b5153b48ba1feab6c745fea7bca6caf6d9774',9059505319),(10,'Genoveva','Lakin','ujaskolski@example.org','247464fad6e71da7c988b7f679880f50add27675',9049824496),(11,'Alisa','Koepp','fritchie@example.net','5660ac98819d9e74bacaf90762d069d752263fa2',9154795520),(12,'Torey','Armstrong','douglas.juliet@example.org','84e634bafd3dead4d067dee65975cb417ec5b66c',9507089322),(13,'Ella','Howe','stephan28@example.com','397d7418435bedce4a24c6448932f7e7447b52e1',9605489847),(14,'Gus','Borer','co\'keefe@example.com','3fa31c731d1245a142150a1508d1da6c80021ea1',9724660697),(15,'Lessie','Cole','dkemmer@example.com','a2ab8f27d339688775ca834ba1ad94d0ba7850f7',9891843130),(16,'Wyman','Ward','sbartoletti@example.net','428f80fd8ea6fafb56b32bc88c822693219a7743',9843747695),(17,'Zola','Hudson','chadd.brown@example.net','ebe4447a9ea1fc1a904241b097f0c83257ddcd0d',9094884144),(18,'Elwin','Dicki','herminia.kunde@example.com','5de3c1c8ebc53d3c2d209ff3877a3bb17d4889d2',9534148564),(19,'Fredy','Torphy','laurie58@example.org','f03d0f17df24432575d01453f98f8d19c2a1ef49',9324206367),(20,'Lexie','Ernser','krista63@example.com','25b3868d43f6aabb0634fc79e3cf9f592f97df8d',9809246626),(21,'Clyde','Simonis','moore.natasha@example.com','52501a8b6ea20732452bfcbe6a9c58cff282544a',9918931579),(22,'Filomena','Lind','jgrady@example.net','245de0f8af7b6e1e18b1fedff96930a776f5a069',9804532160),(23,'Candida','Powlowski','eugene19@example.org','e87ebc843c79a24db38d900376b0e18d72a89ec1',9640620707),(24,'Kenton','Nader','rowe.matilda@example.com','6d84fd2e67f782a55a4eb8fc5c80205579ce6f4b',9280235599),(25,'Jean','Carroll','thora.heller@example.com','af32af99e4c86f48db96d5fe46a87c520033755d',9283519642),(26,'Charley','Welch','dessie91@example.org','d4e049ecd51290e90c4961fb6e9cba60d8eb8c31',9725881230),(27,'Noemie','Sanford','aubree09@example.com','51bb2a32d637e35d73526f3b3f4ead6381251697',9981788081),(28,'Dakota','McLaughlin','dana79@example.org','a658839e958a0d003ec4ae6509b960e63d89b6ca',9421269934),(29,'Geovanni','Ortiz','odessa53@example.com','11ff89ae5b356698f5891d2c65083c1983c4527c',9120857451),(30,'Prudence','Lynch','mallie.spencer@example.com','e9c1202620d2159a1bf69ff6f630fa8069f92714',9083123620),(31,'Avery','Thompson','towne.ike@example.org','a229ef1387b4b8328861bf680a09f7abe2f5249f',9638496841),(32,'Markus','Boyer','wveum@example.org','6505911361f1f4fc52826b68d52fcf0e773f241a',9852022382),(33,'Jany','Kling','wbaumbach@example.org','25d17f0291773452132afe40648c8ec6f5e81b71',9902057102),(34,'Kimberly','O\'Conner','enola25@example.com','230d16309914b36309928fff80a22632a0be25b1',9566714959),(35,'Barbara','Weissnat','brenna38@example.com','de014a2e3cdcbdd70d460b74b2671f6797c90114',9760185082),(36,'Valentine','Turcotte','freeda80@example.org','4130992caaa94fafbe993b283543c3932952fd3b',9800175600),(37,'Carroll','Schaden','aemard@example.net','6225eb6257de1059b79969f24132c4813e7eeb74',9366999971),(38,'Madilyn','Beatty','mante.carleton@example.org','bd74f4adf07fbbed0c80d44be87abbf4feb5a8a1',9334301553),(39,'Jazlyn','Halvorson','rziemann@example.org','ddf3fefaafcbfd009f2b4712bf337bdc6c3ae307',9300964433),(40,'Thea','Jacobi','jboyer@example.com','d5b26b6043914a9c5a90fa25eba614d309145fc7',9592957832),(41,'Maryam','Waelchi','mark59@example.net','0367c4ca88767dea7ab13171bd327dca293b7cb3',9497698703),(42,'Alyce','Kiehn','ona82@example.net','85791c0ad4c0d0d396a53a9c8ebb82cd4c8072ce',9850784267),(43,'Sandra','O\'Kon','maureen.spinka@example.com','12ea2724a0d8c5d379ed6f367462e9e295ef3e4f',9022723395),(44,'Kamille','Prosacco','pfeil@example.org','11e229fa3c62a81eeb0cc0748cefc90e044e5e47',9107606853),(45,'Cordelia','Ritchie','vflatley@example.net','eec505f31c7c93d02a399c828ae8f2abad5686b6',9303826617),(46,'Adriel','Stanton','mallie61@example.org','12100c3670e7670d64de3a6c3aad1b9250149c07',9359575119),(47,'Noah','Ebert','obogan@example.com','1d2e59c743a45c5a1c3a95aff76e310fd053c6c4',9373078823),(48,'Bart','Cormier','krajcik.abbie@example.org','957345125633f4f79de45089038e6a4557c2fe83',9242572375),(49,'Bradford','Ferry','flatley.bria@example.net','96fe079a207c73bd7bb07903a77c62f818e791a1',9036121987),(50,'Carol','Hackett','kgrimes@example.com','75bb5d93d274992093a0fa1bfab3f3aedfffeabb',9842294943),(51,'Arlene','Monahan','rmonahan@example.com','950097bbcd8c78cdaa265baef48cd1146bffa304',9532022311),(52,'Jordyn','O\'Reilly','hintz.vicky@example.org','a80e8beea117c32389faa8160ab84ae055329c9e',9602300705),(53,'Alexane','Dare','eldridge.jast@example.org','ecc9fec25fdc735e1c945d4b21dcd5249e182aa1',9604840060),(54,'Tiara','Conn','konopelski.jeanie@example.net','d71c272a71b01e74ac28b001cfac7519d5611afb',9535528824),(55,'Chet','Leuschke','emmanuelle.conn@example.net','f312f110ce6258d5a379d8be93c1e8837c0c4dac',9879882295),(56,'Felicia','O\'Connell','tvon@example.net','0715d2536acf55833168d288c4cff0e2c0565f9d',9071711940),(57,'Ralph','Douglas','bconn@example.org','3b8142380a4a60b1102ae73d43603ee6a156ebc6',9456666899),(58,'Georgianna','Stark','gerlach.deven@example.net','1e693c6653c53503da44270e7449d01cfc7a6215',9850883817),(59,'Amparo','Barton','lisette.boehm@example.com','f5fdb50c5c0bc0c01193a5e94f2d605836742919',9257242684),(60,'Eduardo','Bernier','elisabeth95@example.com','074bfe420f654786ff108160ef714c4eedaf39c2',9343447364),(61,'Karlie','Herman','cornell17@example.net','eb999848cb5f5d5744d4251ef255cec696e88563',9748388247),(62,'Sandy','Rempel','madyson35@example.org','5f83c823f32b4884b5f97dc00ebc55f1d721cf6a',9840538460),(63,'Bernard','Toy','wtremblay@example.org','f5130e4fbd6ca4beacaa7d7d7cfa3ed03b9bf18f',9840361407),(64,'Ismael','Bauch','fritsch.maria@example.net','89f1fc78b2a878dae7c44fc30e0c0f9cb053c3c4',9331907863),(65,'Elody','Treutel','llind@example.net','cf64569d5d599013f95144bd190e0204509e4550',9059726457),(66,'Melba','Senger','casandra.macejkovic@example.net','6f0427e41dfe3541c6bc93cf1028ad030b9edc79',9128546391),(67,'Johanna','Rath','swift.madonna@example.com','2e5c5208641f0cd9ab315af7257382ff7b7f02f6',9442108608),(68,'Rico','Walter','fritz.lesch@example.org','2364239bc25cbdf1cda64f9872016f1916eeb2ee',9713222963),(69,'Maiya','Hills','dudley.wolf@example.com','fee6d88ada51a778dfbad19b0058f800d6d1b505',9953678386),(70,'Tre','Dicki','shields.toy@example.org','b52d0fe1ab15f59e3e7afca847d87c2e6af3aac7',9292331147),(71,'Daniela','Bode','valerie.beer@example.com','25802ac45a6220fe4382975e9693c7345f97672d',9473901862),(72,'Charity','Tillman','izabella63@example.org','93aa12461b946731ef6455f949f6116001d55336',9351388502),(73,'Angela','Effertz','lgusikowski@example.com','a6ac4cfc7e1cbea58087c5d3a4969170e60e6ba3',9082317965),(74,'Israel','Bradtke','lottie20@example.com','fb88920f79862541a8ba11c2dea8d6b93bb95e23',9431047685),(75,'Maya','Kilback','kuhic.domenica@example.net','9e4425a891929d96ecf5ed02ca652c57157435d4',9271071067),(76,'Alexa','Smitham','bryon.rice@example.com','db31c70ed76ac3ed1a33beeae790e080ef5410dc',9130517279),(77,'Alphonso','Feil','bart.berge@example.net','79a9574d115d3f69f06c659fad9dc26c6560d295',9568299494),(78,'Breana','Denesik','heller.freeman@example.net','543cdd916bf5d965b9438594770d52c73f3f128c',9213159167),(79,'Arlo','Boyle','okulas@example.net','08c1b59aa0937d24ed83e1dcbbb3c06038b2decf',9151746427),(80,'Hilario','Runolfsson','lkunze@example.org','c8ee28d0bcf8725ad1ae7a5aef1ef793d1ff1ba9',9576040111),(81,'Rebeca','Marvin','keira.rohan@example.com','e1038ad0f99d432b45d332267de887321f1d54c7',9017900030),(82,'Cortez','Crona','gabriel62@example.com','22997a8823975e2076129190f485e5bb3e2c43b1',9824860911),(83,'Nicolas','Bahringer','nblick@example.org','7f16f8fb283a9993d9b988b01b91ca933d16f173',9317728055),(84,'Janae','Schaden','zaria85@example.net','7d82b1b10cb838db6594bdb0930bfe5b718a82a3',9114314350),(85,'Ezequiel','Wunsch','msteuber@example.net','51adee7497ff5c9ff1ba8a71d180b5265396fd7a',9537447400),(86,'Ladarius','Kessler','hbraun@example.org','488b9fd40deec463515fca00c1d6e133d8ce7b40',9932620592),(87,'Jacinthe','Schroeder','robert32@example.com','47ccc9ed53bdeb7e86a8a3d5b2d2c4f311381c4d',9337963603),(88,'Elnora','Halvorson','kreiger.marilyne@example.net','eeb0ae2e9568a3da9fae1750536935a49e04f9c8',9462478922),(89,'Athena','Reinger','miller.darlene@example.com','dcc70bb99b5e39a3e89e808bc625b39f0d0b0c62',9554261594),(90,'Kyra','Flatley','kutch.queen@example.net','0bf5cd0097806fe721e7063696487fc8043fc21c',9824023417),(91,'Lyric','Ondricka','gilda.o\'connell@example.net','58f8fbe6d57c89e9c903c83ee0f3837d4e9fa79f',9974043968),(92,'Garret','Bailey','lulu.ferry@example.com','6a22b46bc3737e9209da37248597cbaad7770106',9131641307),(93,'Hillary','Labadie','braeden62@example.com','fa308b3c2b6d357a80675d4515ae7fd9b4ccd034',9969713765),(94,'Myra','Dach','pstreich@example.org','aa29a84f0cb2036aba978efc99e7f024e68ff9dd',9518640527),(95,'Janet','Bogisich','danny.tromp@example.org','707105beca55081a57bf07744b381f694fe7f5af',9591491654),(96,'Laurence','Armstrong','rlarkin@example.com','559535d51d301cb9ff27a49471c43ff9f86a676b',9714114780),(97,'April','Gleason','uriah.runolfsdottir@example.com','417b97f8052a98131434d4988d9ee33c1c9c2163',9631028150),(98,'Aiyana','Smitham','schmitt.uriel@example.net','fd94ac2fd4a06cce5bc7fe4ae1fc12892623c5c3',9923669800),(99,'Dolly','Pfannerstill','johnston.hal@example.org','dae4e32a1b2ec2dd4bd1e136ff4d0e30ae127e4c',9553111451),(100,'Janice','O\'Connell','o\'hara.clemens@example.net','794879765898446bd3131b5897ffecc788e9d4e8',9696117219);
/*!40000 ALTER TABLE `users` ENABLE KEYS */;
UNLOCK TABLES;

--
-- Table structure for table `users_communities`
--

DROP TABLE IF EXISTS `users_communities`;
/*!40101 SET @saved_cs_client     = @@character_set_client */;
/*!40101 SET character_set_client = utf8 */;
CREATE TABLE `users_communities` (
  `user_id` bigint(20) unsigned NOT NULL,
  `community_id` bigint(20) unsigned NOT NULL,
  PRIMARY KEY (`user_id`,`community_id`),
  KEY `community_id` (`community_id`),
  CONSTRAINT `users_communities_ibfk_1` FOREIGN KEY (`user_id`) REFERENCES `users` (`id`),
  CONSTRAINT `users_communities_ibfk_2` FOREIGN KEY (`community_id`) REFERENCES `communities` (`id`)
) ENGINE=InnoDB DEFAULT CHARSET=utf8mb4 COLLATE=utf8mb4_unicode_ci;
/*!40101 SET character_set_client = @saved_cs_client */;

--
-- Dumping data for table `users_communities`
--

LOCK TABLES `users_communities` WRITE;
/*!40000 ALTER TABLE `users_communities` DISABLE KEYS */;
INSERT INTO `users_communities` VALUES (2,86),(2,91),(3,32),(4,59),(5,17),(5,49),(5,52),(7,53),(10,16),(10,66),(12,20),(12,38),(12,48),(14,24),(15,96),(16,96),(20,34),(20,78),(22,5),(22,79),(23,25),(24,5),(24,8),(25,82),(25,89),(26,12),(28,84),(28,93),(29,29),(30,15),(30,82),(31,3),(33,48),(33,88),(34,19),(35,71),(36,19),(36,48),(39,14),(39,96),(43,63),(44,28),(46,56),(46,59),(47,3),(48,66),(48,98),(49,32),(50,11),(51,92),(52,35),(55,30),(56,4),(56,41),(56,92),(57,97),(59,3),(60,1),(60,19),(60,30),(62,6),(63,39),(64,46),(65,15),(65,90),(69,28),(71,100),(72,38),(73,30),(73,41),(75,47),(76,94),(78,34),(79,24),(79,37),(80,5),(80,57),(80,70),(83,47),(83,57),(84,77),(85,63),(85,78),(85,87),(86,54),(86,59),(86,87),(87,82),(90,12),(91,57),(93,42),(94,67),(94,80),(94,95),(96,15),(96,52),(97,32),(97,34),(99,13),(100,43);
/*!40000 ALTER TABLE `users_communities` ENABLE KEYS */;
UNLOCK TABLES;
/*!40103 SET TIME_ZONE=@OLD_TIME_ZONE */;

/*!40101 SET SQL_MODE=@OLD_SQL_MODE */;
/*!40014 SET FOREIGN_KEY_CHECKS=@OLD_FOREIGN_KEY_CHECKS */;
/*!40014 SET UNIQUE_CHECKS=@OLD_UNIQUE_CHECKS */;
/*!40101 SET CHARACTER_SET_CLIENT=@OLD_CHARACTER_SET_CLIENT */;
/*!40101 SET CHARACTER_SET_RESULTS=@OLD_CHARACTER_SET_RESULTS */;
/*!40101 SET COLLATION_CONNECTION=@OLD_COLLATION_CONNECTION */;
/*!40111 SET SQL_NOTES=@OLD_SQL_NOTES */;

-- Dump completed on 2023-02-13  3:57:38

/*     , ,   .   */

-- 1.     (id = 1).    .   ,  
--       (  )

INSERT INTO messages(from_user_id,to_user_id,body) VALUES
	(1,4,'sometext1'),
	(4,1,'sometext2'),
	(1,4,'sometext3'),
	(1,4,'sometext4'),
	(1,19,'sometext5'),
	(19,1,'sometext6'),
	(1,20,'sometext7'),
	(1,21,'sometext8'),
	(25,1,'sometext9'),
	(25,1,'sometext10');

SELECT m.from_user_id, COUNT(*) AS messages
FROM users u 
JOIN messages m ON m.to_user_id = u.id
WHERE m.to_user_id = 1
GROUP BY m.from_user_id
ORDER BY messages DESC
LIMIT 1


-- 3.    ,     18 ..

INSERT INTO likes(user_id,media_id) VALUES
	(2,4),
	(4,1),
	(3,4),
	(1,5),
	(4,5),
	(5,10),
	(41,99),
	(42,90),
	(90,2),
	(99,2);

SELECT COUNT(*) 
FROM likes l 
JOIN media m ON l.media_id = m.id
JOIN users u ON m.user_id = u.id 
JOIN profiles p ON p.user_id = u.id
WHERE TIMESTAMPDIFF(YEAR,p.created_at ,NOW()) < 18


-- 3.     () -   ?
	
SELECT p.sex,COUNT(*) 
FROM likes l 
JOIN media m ON l.media_id = m.id
JOIN users u ON m.user_id = u.id 
JOIN profiles p ON p.user_id = u.id
GROUP BY p.sex
ORDER BY p.sex
LIMIT 1




